Publisher,Game,Year,Genre,North America,Europe,Japan,Rest of World,Global
Rockstar Games,Grand Theft Auto V,2014,Action,6.06,9.71,0.6,3.02,19.39
Activision,Call of Duty: Black Ops 3,2015,Shooter,6.18,6.05,0.41,2.44,15.09
Rockstar Games,Red Dead Redemption 2,2018,Action-Adventure,5.26,6.21,0.21,2.26,13.94
Activision,Call of Duty: WWII,2017,Shooter,4.67,6.21,0.4,2.12,13.4
EA Sports,FIFA 18,2017,Sports,1.27,8.64,0.15,1.73,11.8
Electronic Arts,FIFA 17,2016,Sports,1.26,7.95,0.12,1.61,10.94
Sony Interactive Entertainment,Uncharted (PS4),2016,Action,4.49,3.93,0.21,1.7,10.33
Sony Interactive Entertainment,Spider-Man (PS4),2018,Action-Adventure,3.64,3.39,0.32,1.41,8.76
Activision,Call of Duty: Infinite Warfare,2016,Shooter,3.11,3.83,0.19,1.36,8.48
Bethesda Softworks,Fallout 4,2015,Role-Playing,2.91,3.97,0.27,1.34,8.48
EA Sports,FIFA 16,2015,Sports,1.15,5.77,0.07,1.23,8.22
Electronic Arts,Star Wars Battlefront 2015,2015,Shooter,3.31,3.19,0.23,1.3,8.03
Activision,Call of Duty: Advanced Warfare,2014,Shooter,2.84,3.34,0.14,1.22,7.53
Electronic Arts,Battlefield 1,2016,Shooter,2.2,3.65,0.29,1.12,7.26
Sony Computer Entertainment,The Last of Us,2014,Action-Adventure,2.7,2.86,0.11,1.1,6.77
Sony Computer Entertainment,MineCraft,2014,Misc,1.89,3.13,0.35,0.96,6.33
EA Sports,FIFA 15,2014,Sports,0.83,4.49,0.05,0.94,6.32
Sony Interactive Entertainment,God of War (PS4),2018,Action,2.83,2.17,0.13,1.02,6.15
Sony Interactive Entertainment,Horizon: Zero Dawn,2017,Action,2.2,2.43,0.28,0.92,5.82
Activision,Destiny,2014,Shooter,2.53,2.13,0.16,0.94,5.76
Sony Computer Entertainment,Uncharted: The Nathan Drake Collection,2015,Action,2.55,2.11,0.1,0.94,5.7
Namco Bandai Games,The Witcher 3: Wild Hunt,2015,Role-Playing,1.48,2.82,0.28,0.81,5.39
Square Enix,Final Fantasy XV,2016,Role-Playing,1.81,1.53,1.05,0.68,5.07
Activision,Crash Bandicoot N. Sane Trilogy,2017,Platform,1.09,2.92,0.07,0.74,4.83
Capcom,Monster Hunter: World,2018,Action,1.03,1.06,2.17,0.42,4.67
Blizzard Entertainment,Overwatch,2016,Shooter,1.84,1.8,0.17,0.73,4.54
Electronic Arts,Star Wars Battlefront II (2017),2017,Shooter,1.7,1.99,0.12,0.73,4.53
Ubisoft,Tom Clancy's The Division,2016,Shooter,1.49,2.04,0.16,0.69,4.37
Ubisoft,Tom Clancy's Rainbow Six: Siege,2015,Shooter,1.29,2.06,0.36,0.64,4.36
Ubisoft,Watch Dogs,2014,Action-Adventure,1.4,2.13,0.11,0.68,4.32
Activision,Call of Duty: Ghosts,2013,Shooter,1.79,1.64,0.05,0.69,4.17
Ubisoft,Assassin's Creed: Unity,2014,Action,1.25,2.16,0.09,0.65,4.14
Activision,Destiny 2,2017,Shooter,1.92,1.44,0.1,0.69,4.14
Warner Bros. Interactive,Batman: Arkham Knight,2015,Action,1.65,1.68,0.11,0.66,4.11
Ubisoft,Assassin's Creed Origins,2017,Action,1.22,2.11,0.11,0.63,4.06
Ubisoft,Far Cry 4,2014,Shooter,1.18,2.14,0.11,0.63,4.06
2K Sports,NBA 2K16,2015,Sports,2.56,0.66,0.05,0.71,3.98
Ubisoft,Far Cry 5,2018,Action,1.44,1.73,0.15,0.62,3.95
Electronic Arts,Battlefield 4,2013,Shooter,1.4,1.74,0.19,0.62,3.94
Sony Interactive Entertainment,Gran Turismo Sport,2017,Racing,0.63,2.35,0.24,0.54,3.77
Ubisoft,Assassin's Creed Syndicate,2015,Action,0.9,2.06,0.08,0.55,3.6
2K Sports,NBA 2K17,2016,Sports,2.28,0.59,0.03,0.63,3.52
Warner Bros. Interactive Entertainment,Mortal Kombat X,2015,Fighting,1.94,0.94,0,0.61,3.49
EA Sports,FIFA Soccer 14,2013,Sports,0.62,2.18,0.12,0.51,3.43
Bethesda Softworks,The Elder Scrolls V: Skyrim,2016,Role-Playing,1.24,1.5,0.08,0.54,3.36
Ubisoft,Watch Dogs 2,2016,Action,0.98,1.74,0.12,0.52,3.36
2K Sports,NBA 2K18,2017,Sports,2.13,0.57,0.04,0.59,3.34
Capcom,Resident Evil VII: Biohazard,2017,Action,0.88,1.56,0.41,0.46,3.31
EA Sports,Madden NFL 16,2015,Sports,2.39,0.31,0,0.61,3.3
EA Sports,Madden NFL 17,2016,Sports,2.3,0.37,0,0.6,3.28
Warner Bros. Interactive Entertainment,Middle-Earth: Shadow of Mordor,2014,Action,1.03,1.6,0.05,0.51,3.19
Ubisoft,Assassin's Creed IV: Black Flag,2013,Action-Adventure,1.07,1.55,0.06,0.51,3.19
Ubisoft,Tom Clancy's Ghost Recon Wildlands,2017,Shooter,1.07,1.35,0.22,0.47,3.12
Sony Computer Entertainment,Bloodborne,2015,Role-Playing,1.3,1.05,0.28,0.48,3.11
Konami Digital Entertainment,Metal Gear Solid V: The Phantom Pain,2015,Action,0.97,1.15,0.5,0.42,3.04
Sony Computer Entertainment,Killzone: Shadow Fall,2013,Shooter,0.89,1.58,0.08,0.47,3.02
Sony Computer Entertainment,inFAMOUS: Second Son,2014,Action-Adventure,1.35,1.09,0.07,0.5,3.01
Bethesda Softworks,Doom (2016),2016,Shooter,0.93,1.48,0.04,0.46,2.92
2K Games,Mafia III,2016,Action-Adventure,0.72,1.67,0.04,0.44,2.87
Blizzard Entertainment,Diablo III,2014,Role-Playing,0.83,1.48,0.08,0.44,2.82
Ubisoft,Far Cry: Primal,2016,Action-Adventure,0.63,1.61,0.07,0.41,2.73
Electronic Arts,Need for Speed (2015),2015,Racing,0.59,1.66,0.06,0.41,2.72
EA Sports,Madden NFL 18,2017,Sports,1.73,0.42,0,0.47,2.62
2K Sports,NBA 2K15,2014,Sports,1.49,0.55,0.01,0.44,2.49
Warner Bros. Interactive,Dying Light,2015,Action,1.18,0.74,0.13,0.4,2.45
Namco Bandai Games,Dark Souls III,2016,Role-Playing,1,0.63,0.44,0.34,2.42
Sony Interactive Entertainment,Ratchet & Clank (2016),2016,Platform,0.97,0.97,0.06,0.39,2.38
Sony Computer Entertainment,DriveClub,2014,Racing,0.37,1.63,0.02,0.36,2.37
Sony Interactive Entertainment,Uncharted: The Lost Legacy,2017,Action,0.58,1.38,0.04,0.36,2.37
Electronic Arts,Dragon Age III: Inquisition,2014,Role-Playing,1.07,0.8,0.08,0.38,2.34
Hello Games,No Man's Sky,2016,Action-Adventure,0.89,0.97,0.04,0.37,2.26
EA Sports,Madden NFL 15,2014,Sports,1.58,0.25,0,0.41,2.25
Electronic Arts,Need for Speed: Payback,2017,Racing,0.62,1.18,0.04,0.34,2.18
Activision,Destiny: The Taken King,2015,Shooter,0.97,0.8,0.05,0.36,2.18
Electronic Arts,Need for Speed Rivals,2013,Racing,0.75,1.04,0.03,0.35,2.17
Sony Interactive Entertainment,PlayStation VR Worlds,2016,Misc,0.36,1.4,0.09,0.32,2.16
Electronic Arts,Battlefield: Hardline,2015,Shooter,0.72,0.97,0.14,0.33,2.15
Square Enix,Rise of the Tomb Raider,2016,Adventure,0.61,1.08,0.05,0.32,2.07
Sony Computer Entertainment,LittleBigPlanet 3,2014,Platform,0.78,0.93,0.01,0.34,2.06
Bethesda Softworks,The Elder Scrolls Online,2015,MMO,0.74,0.98,0,0.33,2.05
Warner Bros. Interactive Entertainment,Middle-Earth: Shadow of War,2017,Action,0.82,0.84,0.06,0.33,2.04
Square Enix,Dragon Quest XI,2017,Role-Playing,0.29,0.22,1.43,0.1,2.04
505 Games,Rocket League,2016,Sports,0.37,1.34,0,0.31,2.02
Square Enix,Just Cause 3,2015,Action-Adventure,0.53,1.07,0.09,0.3,1.98
Bethesda Softworks,Dishonored 2,2016,Action,0.62,1.02,0.01,0.31,1.97
Warner Bros. Interactive Entertainment,Lego Marvel Super Heroes,2013,Action,0.59,1,0.01,0.3,1.91
Sony Computer Entertainment,Until Dawn,2015,Adventure,0.62,0.92,0.06,0.3,1.9
Sony Computer Entertainment,Knack,2013,Platform,0.45,0.77,0.42,0.23,1.88
Bethesda Softworks,The Evil Within,2014,Action,0.56,0.9,0.11,0.28,1.86
Ubisoft,The Crew,2014,Racing,0.44,1.04,0.03,0.27,1.79
Square Enix,Kingdom Hearts 1.5 + 2.5 Remix,2017,Role-Playing,0.75,0.51,0.23,0.26,1.75
Ubisoft,For Honor,2017,Action,0.73,0.66,0.07,0.28,1.75
Electronic Arts,Titanfall 2,2016,Shooter,0.75,0.62,0.06,0.28,1.72
Warner Bros. Interactive Entertainment,Injustice 2,2017,Fighting,0.88,0.54,0,0.29,1.72
Square Enix,NieR Automata,2017,Role-Playing,0.56,0.51,0.42,0.22,1.71
Namco Bandai Games,Tekken 7,2017,Fighting,0.6,0.72,0.12,0.26,1.7
Deep Silver,Persona 5,2016,Role-Playing,0.62,0.34,0.48,0.2,1.64
Sony Computer Entertainment,The Order: 1886,2015,Shooter,0.44,0.86,0.07,0.25,1.62
Bethesda Softworks,Wolfenstein: The New Order,2014,Shooter,0.48,0.84,0.03,0.25,1.61
Sony Interactive Entertainment,Detroit: Become Human,2018,Adventure,0.55,0.67,0.12,0.24,1.57
Namco Bandai Games,Naruto Shippuden: Ultimate Ninja Storm 4,2016,Fighting,0.71,0.47,0.12,0.24,1.54
2K Sports,NBA 2K14,2013,Sports,0.91,0.35,0.01,0.27,1.54
Square Enix,Tomb Raider (2013),2014,Action-Adventure,0.47,0.74,0.06,0.23,1.51
Namco Bandai Games,Dragon Ball: Xenoverse 2,2016,Action,0.54,0.59,0.14,0.23,1.5
Ubisoft,Rayman Legends,2014,Platform,0.22,1.05,0,0.23,1.5
Electronic Arts,Mass Effect: Andromeda,2017,Role-Playing,0.58,0.67,0,0.25,1.49
Namco Bandai Games,Dragon Ball Fighter Z,2018,Fighting,0.61,0.51,0.12,0.23,1.46
Ubisoft,South Park: The Fractured But Whole,2017,Role-Playing,0.62,0.57,0,0.24,1.43
Electronic Arts,The Sims 4,2017,Simulation,0.44,0.72,0.01,0.22,1.39
Capcom,Street Fighter V,2016,Fighting,0.64,0.42,0.12,0.22,1.39
Bethesda Softworks,Wolfenstein II: The New Colossus,2017,Shooter,0.55,0.58,0.01,0.22,1.36
2K Sports,WWE 2K18,2017,Sports,0.45,0.67,0,0.22,1.33
Warner Bros. Interactive Entertainment,Lego Star Wars: The Force Awakens,2016,Action-Adventure,0.3,0.78,0.02,0.2,1.31
EA Sports,EA Sports UFC 2,2016,Sports,0.44,0.65,0,0.21,1.31
Sony Interactive Entertainment,The Last Guardian,2016,Action-Adventure,0.4,0.58,0.13,0.19,1.29
Take-Two Interactive,WWE 2K16,2015,Sports,0.43,0.65,0,0.21,1.29
2K Games,Borderlands: The Handsome Collection,2015,Shooter,0.69,0.34,0.03,0.22,1.28
Bandai Namco Games,Project CARS,2015,Racing,0.29,0.76,0.04,0.19,1.28
2K Games,WWE 2K17,2016,Sports,0.32,0.7,0,0.19,1.22
Activision,Guitar Hero Live,2015,Music,0.52,0.49,0,0.2,1.21
Konami Digital Entertainment,Metal Gear Solid: Ground Zeroes,2014,Action-Adventure,0.36,0.5,0.17,0.17,1.2
Warner Bros. Interactive Entertainment,Mad Max (2013),2015,Action,0.38,0.59,0.05,0.19,1.2
Sony Interactive Entertainment,Shadow of the Colossus,2018,Action-Adventure,0.44,0.52,0.05,0.19,1.2
Square Enix,Kingdom Hearts HD 2.8 Final Chapter Prologue,2017,Role-Playing,0.57,0.25,0.2,0.17,1.2
Namco Bandai Games,Dragon Ball: XenoVerse,2015,Fighting,0.33,0.55,0.14,0.17,1.19
Warner Bros. Interactive Entertainment,LEGO Dimensions,2015,Action,0.48,0.5,0,0.2,1.18
Warner Bros. Interactive Entertainment,LEGO Jurassic World,2015,Action,0.41,0.56,0.02,0.19,1.18
2K Sports,WWE 2K15,2014,Sports,0.4,0.57,0,0.19,1.16
Sony Interactive Entertainment,MLB The Show 17,2017,Sports,0.94,0,0,0.22,1.16
Warner Bros. Interactive Entertainment,LEGO Worlds,2017,Misc,0.21,0.72,0.04,0.17,1.14
Bethesda Softworks,The Elder Scrolls V: Skyrim PSVR,2017,Role-Playing,0.47,0.47,0.01,0.19,1.13
Warner Bros. Interactive Entertainment,LEGO Marvel Super Heroes 2,2017,Action,0.33,0.6,0,0.18,1.11
Electronic Arts,EA Sports UFC,2014,Fighting,0.49,0.43,0.01,0.18,1.11
Square Enix,Final Fantasy XII: The Zodiac Age,2017,Role-Playing,0.37,0.41,0.16,0.15,1.1
Sega,Alien: Isolation,2014,Adventure,0.29,0.59,0.05,0.16,1.09
Sony Interactive Entertainment,MLB The Show 18,2018,Sports,0.86,0,0,0.2,1.06
Bethesda Softworks,The Evil Within II,2017,Action,0.31,0.49,0.09,0.15,1.05
Bethesda Softworks,Prey (2017),2017,Shooter,0.25,0.62,0.02,0.16,1.04
Square Enix,Final Fantasy Type-0,2015,Role-Playing,0.4,0.33,0.16,0.15,1.04
Tecmo Koei,Ni-Oh,2017,Action,0.34,0.36,0.2,0.14,1.03
Sony Computer Entertainment,MLB 15: The Show,2015,Sports,0.75,0.08,0,0.19,1.01
Ubisoft,Steep,2016,Sports,0.23,0.6,0.02,0.15,1.01
Warner Bros. Interactive Entertainment,LEGO Marvel's Avengers,2016,Action,0.31,0.53,0.01,0.16,1.01
2K Games,Evolve,2015,Shooter,0.38,0.41,0.05,0.16,1.01
Warner Bros. Interactive Entertainment,Injustice: Gods Among Us,2013,Fighting,0.46,0.35,0,0.17,0.98
EA Sports,EA Sports UFC 3,2018,Sports,0.4,0.41,0.01,0.16,0.97
EA Sports,Madden NFL 25,2013,Sports,0.64,0.15,0,0.17,0.96
Sony Computer Entertainment,MLB 16: The Show,2016,Sports,0.78,0,0,0.18,0.96
Warner Bros. Interactive Entertainment,Lego Batman 3: Beyond Gotham,2014,Action,0.37,0.42,0,0.16,0.94
Square Enix,Final Fantasy X/X-2 HD Remaster,2015,Role-Playing,0.34,0.36,0.07,0.14,0.9
Namco Bandai Games,Ni no Kuni II: Revenant Kingdom,2018,Role-Playing,0.33,0.31,0.12,0.13,0.89
Sony Computer Entertainment,God of War III,2015,Action,0.4,0.33,0.02,0.15,0.89
Gearbox Software,Fortnite,2017,Action,0.42,0.32,0,0.15,0.89
Warner Bros. Interactive Entertainment,LEGO Harry Potter Collection,2016,Action,0.07,0.68,0,0.13,0.88
Mojang,Minecraft: Story Mode,2015,Adventure,0.31,0.42,0,0.14,0.87
2K Games,BioShock The Collection,2016,Shooter,0.41,0.28,0.03,0.14,0.86
Square Enix,Thief 4,2014,Action,0.28,0.41,0.03,0.13,0.85
Sony Interactive Entertainment,Until Dawn: Rush of Blood,2016,Shooter,0.5,0.21,0,0.15,0.85
Disney Interactive Studios,Disney Infinity 3.0,2015,Action,0.31,0.4,0,0.14,0.85
Focus Home Interactive,Farming Simulator 17,2016,Simulation,0.19,0.52,0.01,0.13,0.85
Ubisoft,The Crew 2,2018,Racing,0.22,0.42,0.05,0.12,0.82
Konami Digital Entertainment,Pro Evolution Soccer 2016,2015,Sports,0.14,0.43,0.14,0.1,0.82
Studio Wildcard,ARK: Survival Evolved,2017,Action,0.28,0.29,0.14,0.11,0.81
Square Enix,Dragon Quest Heroes: The World's Tree Woe and the Blight Below,2015,Action,0.21,0.14,0.39,0.07,0.81
Ubisoft,Assassin's Creed The Ezio Collection,2016,Action,0.14,0.52,0.02,0.12,0.79
Square Enix,Final Fantasy XIV: A Realm Reborn,2014,MMO,0.35,0.23,0.08,0.12,0.79
Activision,Destiny: The Collection,2016,Shooter,0.24,0.4,0.02,0.12,0.78
Codemasters,F1 2016 (Codemasters),2016,Racing,0.07,0.56,0.03,0.11,0.78
Square Enix,Hitman (2016),2017,Action,0.24,0.36,0.06,0.11,0.78
Konami Digital Entertainment,Pro Evolution Soccer 2015,2014,Sports,0.09,0.45,0.12,0.1,0.76
Warner Bros. Interactive Entertainment,LEGO City Undercover,2017,Platform,0.17,0.46,0.01,0.12,0.75
Konami Digital Entertainment,Pro Evolution Soccer 2018,2017,Sports,0.12,0.36,0.19,0.09,0.75
Disney Interactive Studios,Disney Infinity 2.0: Marvel Super Heroes,2014,Action-Adventure,0.37,0.25,0,0.13,0.75
Konami Digital Entertainment,Pro Evolution Soccer 2017,2016,Sports,0.08,0.41,0.18,0.09,0.75
505 Games,Sniper Elite 3,2014,Shooter,0.25,0.37,0,0.12,0.74
Sony Computer Entertainment,MLB 14 The Show,2014,Sports,0.59,0,0,0.14,0.73
Sony Interactive Entertainment,WipEout Omega Collection,2017,Racing,0.12,0.49,0,0.11,0.72
Square Enix,Deus Ex: Mankind Divided,2016,Role-Playing,0.25,0.34,0.01,0.12,0.72
Warner Bros. Interactive Entertainment,The LEGO Movie Videogame,2014,Action-Adventure,0.26,0.32,0.01,0.11,0.71
Capcom,Marvel vs. Capcom: Infinite,2017,Fighting,0.36,0.19,0.04,0.11,0.7
Namco Bandai Games,Dark Souls II,2015,Role-Playing,0.27,0.23,0.09,0.1,0.69
Sega,Yakuza 6,2016,Adventure,0.16,0.1,0.38,0.05,0.69
Codemasters,F1 2015,2015,Racing,0.1,0.45,0.04,0.1,0.68
Deep Silver,METRO 2033,2014,Shooter,0.22,0.31,0.05,0.1,0.68
Ubisoft,Rocksmith 2014,2014,Music,0.38,0.17,0,0.12,0.67
EA Sports,NHL 16,2015,Sports,0.38,0.16,0,0.12,0.66
Electronic Arts,Plants vs Zombies: Garden Warfare,2014,Shooter,0.24,0.3,0.01,0.11,0.66
Namco Bandai Games,Tales of Berseria,2016,Role-Playing,0.22,0.1,0.26,0.07,0.65
Sega,Yakuza Zero: The Place of Oath,2015,Adventure,0.22,0.16,0.19,0.08,0.65
Namco Bandai Games,One Piece: Burning Blood,2016,Fighting,0.21,0.26,0.09,0.09,0.65
Warner Bros. Interactive Entertainment,Batman: Return to Arkham,2016,Action,0.15,0.39,0.01,0.1,0.64
Electronic Arts,Plants vs. Zombies: Garden Warfare 2,2016,Shooter,0.22,0.31,0,0.1,0.63
Warner Bros. Interactive Entertainment,LEGO The Hobbit,2014,Action-Adventure,0.14,0.39,0,0.1,0.62
Square Enix,World of Final Fantasy,2016,Role-Playing,0.24,0.21,0.09,0.09,0.62
Koch Media,F1 2017,2017,Racing,0.04,0.47,0.02,0.09,0.62
EA Sports,NHL 15,2014,Sports,0.32,0.19,0,0.11,0.62
Sony Interactive Entertainment,Knowledge is Power,2017,Party,0.05,0.47,0,0.09,0.61
Rockstar Games,L.A. Noire,2017,Adventure,0.18,0.32,0,0.1,0.6
Sony Interactive Entertainment,Hidden Agenda,2017,Adventure,0.08,0.42,0,0.09,0.59
Activision,Call of Duty: Modern Warfare Remastered,2017,Shooter,0.17,0.3,0.03,0.09,0.58
Square Enix,Dragon Quest Builders: Revive Alefgard,2016,Role-Playing,0.12,0.17,0.24,0.06,0.58
Warner Bros. Interactive Entertainment,The Lego Ninjago Movie Videogame,2017,Action,0.16,0.32,0,0.09,0.57
Capcom,Resident Evil: Revelations 2,2015,Action,0.14,0.25,0.11,0.07,0.57
Harmonix Music Systems,Rock Band 4,2015,Music,0.41,0.06,0,0.1,0.57
EA Sports,NHL 18,2017,Sports,0.31,0.16,0,0.1,0.57
Sony Interactive Entertainment,Everybody's Golf,2017,Sports,0.12,0.22,0.17,0.06,0.56
Activision,The Amazing Spider-Man 2 (2014),2014,Action-Adventure,0.2,0.26,0.02,0.09,0.56
Bethesda Softworks,DOOM VFR,2017,Shooter,0.22,0.25,0,0.09,0.56
Sega,Sonic Forces,2017,Platform,0.15,0.31,0.01,0.09,0.56
Deep Silver,Kingdom Come: Deliverance,2018,Role-Playing,0.18,0.28,0,0.09,0.56
Square Enix,Lords of the Fallen,2014,Role-Playing,0.2,0.24,0.02,0.09,0.55
Rebellion Developments,Sniper Elite 4,2017,Shooter,0.21,0.25,0,0.09,0.55
Electronic Arts,Rory McIlroy PGA Tour,2015,Sports,0.19,0.27,0,0.09,0.55
Namco Bandai Games,Project CARS 2,2017,Racing,0.1,0.35,0.02,0.08,0.55
Activision,Skylanders: Trap Team,2014,Platform,0.25,0.18,0,0.09,0.52
EA Sports,NHL 17,2016,Sports,0.32,0.11,0,0.09,0.52
Namco Bandai Games,One Piece: Pirate Warriors 3,2015,Action,0.11,0.22,0.11,0.06,0.52
Codemasters,DiRT Rally,2016,Racing,0.13,0.3,0,0.08,0.51
Deep Silver,Homefront: The Revolution,2016,Shooter,0.11,0.29,0.04,0.07,0.5
Tecmo Koei,Attack on Titan (KOEI),2016,Action,0.08,0.24,0.12,0.06,0.5
Codemasters,DiRT 4,2017,Racing,0.1,0.3,0.02,0.07,0.49
Sony Interactive Entertainment,Farpoint,2017,Shooter,0,0.38,0.04,0.06,0.48
2K Games,Battleborn,2016,Shooter,0.25,0.12,0.03,0.08,0.48
Electronic Arts,A Way Out,2018,Action,0.23,0.16,0,0.08,0.48
Gun Media,Friday the 13th: The Game,2017,Action,0.29,0.09,0.03,0.08,0.48
Telltale Games,The Walking Dead: A Telltale Games Series,2014,Adventure,0.12,0.26,0.03,0.07,0.48
Bethesda Softworks,Wolfenstein: The Old Blood,2015,Shooter,0.13,0.25,0.02,0.07,0.48
Activision,Deadpool,2015,Action,0.26,0.13,0,0.08,0.47
Square Enix,Dragon Quest Heroes II: Twin Kings and the Prophecy's End,2016,Action,0.05,0.09,0.3,0.03,0.47
Ubisoft,TrackMania Turbo,2016,Racing,0.04,0.35,0,0.07,0.47
Sony Interactive Entertainment,Knack 2,2017,Platform,0.14,0.25,0.01,0.07,0.47
Ubisoft,Just Dance 2014,2013,Music,0.21,0.18,0,0.08,0.47
Square Enix,Dissidia Final Fantasy NT,2018,Fighting,0.19,0.06,0.16,0.05,0.46
Activision,Skylanders: SuperChargers,2015,Action-Adventure,0.29,0.09,0,0.08,0.45
Sega,Yakuza Kiwami,2016,Adventure,0.13,0.07,0.21,0.04,0.45
Namco Bandai Games,Tales of Zestiria,2015,Role-Playing,0.18,0.16,0.04,0.07,0.45
Square Enix,Star Ocean 5: Integrity and Faithlessness,2016,Role-Playing,0.1,0.13,0.16,0.05,0.45
Square Enix,Sleeping Dogs,2014,Action,0.16,0.21,0,0.07,0.44
Activision,Skylanders SWAP Force,2013,Misc,0.23,0.14,0,0.08,0.44
Activision,Skylanders Imaginators,2016,Platform,0.18,0.18,0,0.07,0.43
Ubisoft,Trials Fusion,2014,Misc,0.13,0.23,0.01,0.07,0.43
Deep Silver,Saints Row IV,2015,Action,0.15,0.18,0.03,0.06,0.42
Bethesda Softworks,Dishonored,2015,Action,0.12,0.21,0.02,0.06,0.42
Electronic Arts,Mirror's Edge 2,2016,Platform,0.13,0.19,0.03,0.06,0.42
Koch Media,Farming Simulator 2015,2015,Simulation,0.13,0.22,0,0.07,0.41
Ubisoft,Just Dance 2015,2014,Music,0.21,0.13,0,0.07,0.41
Namco Bandai Games,Sword Art Online: Hollow Realization,2016,Role-Playing,0.18,0.06,0.12,0.05,0.41
Ubisoft,Just Dance 2016,2015,Music,0.19,0.13,0,0.07,0.39
Warner Bros. Interactive Entertainment,Batman: Arkham VR,2016,Action,0.32,0,0,0.07,0.39
Namco Bandai Games,Little Nightmares,2017,Platform,0.18,0.12,0.02,0.06,0.39
Kalypso Media,Tropico 5,2015,Simulation,0.07,0.18,0.08,0.05,0.38
Square Enix,Life is Strange,2016,Adventure,0.11,0.16,0.05,0.05,0.37
Capcom,Resident Evil Zero,2016,Action-Adventure,0.07,0.18,0.07,0.05,0.37
Sega,Yakuza Kiwami 2,2017,Action,0.08,0.06,0.19,0.03,0.37
Focus Home Interactive,Vampyr,2018,Role-Playing,0.12,0.19,0,0.06,0.37
Capcom,Okami,2017,Action,0.16,0.12,0.03,0.06,0.36
City Interactive,Sniper: Ghost Warrior 3,2017,Shooter,0.14,0.15,0.03,0.06,0.36
Sega,Hokuto ga Gotoku,2018,Action,0.09,0.05,0.18,0.03,0.36
Namco Bandai Games,Sword Art Online: Lost Song,2015,Role-Playing,0.19,0.11,0,0.06,0.36
NIS America,Disgaea 5: Alliance of Vengeance,2015,Role-Playing,0.15,0.08,0.07,0.05,0.35
Tecmo Koei,Dead or Alive 5,2015,Fighting,0.09,0.13,0.09,0.04,0.35
Sony Interactive Entertainment,Gravity Rush 2,2017,Action-Adventure,0.13,0.05,0.13,0.04,0.35
NIS America,Odin Sphere: Leifthrasir,2016,Role-Playing,0.14,0.07,0.09,0.04,0.34
Focus Home Interactive,Divinity: Original Sin,2015,Role-Playing,0.13,0.13,0.04,0.05,0.34
Deep Silver,The King of Fighters XIV,2016,Fighting,0.21,0.02,0.06,0.05,0.34
Bethesda Softworks,Dishonored: Death of the Outsider,2017,Action,0.1,0.18,0,0.05,0.33
Sega,Valkyria Chronicles,2016,Role-Playing,0.14,0.08,0.08,0.04,0.33
Square Enix,Murdered: Soul Suspect,2014,Action-Adventure,0.09,0.17,0.02,0.05,0.33
505 Games,Payday 2,2015,Shooter,0.12,0.14,0,0.05,0.32
Konami Digital Entertainment,UEFA Euro 2016,2016,Sports,0,0.22,0.05,0.04,0.31
Capcom,DmC: Devil May Cry,2015,Action,0.12,0.13,0,0.05,0.31
Sega,Sonic Mania,2017,Platform,0.1,0.15,0.01,0.05,0.31
Namco Bandai Games,J Stars Victory Vs.,2015,Fighting,0.11,0.14,0,0.05,0.31
2K Games,XCOM 2,2016,Strategy,0.16,0.1,0,0.05,0.31
Tecmo Koei,Dynasty Warriors 8: Xtreme Legends,2014,Misc,0.09,0.12,0.06,0.04,0.31
Koch Media,Cities: Skylines,2017,Simulation,0.15,0.07,0.04,0.05,0.3
Namco Bandai Games,Saint Seiya: Soldiers' Soul,2015,Fighting,0,0.21,0.05,0.04,0.3
Ubisoft,Just Dance 2018,2017,Music,0.1,0.15,0,0.05,0.3
Square Enix,The Walking Dead: Season Two,2014,Misc,0.13,0.09,0.03,0.05,0.3
Namco Bandai Games,Sword Art Online: Fatal Bullet,2018,Role-Playing,0.11,0.03,0.13,0.03,0.29
Bandai Namco Games,Naruto to Boruto: Shinobi Striker,2018,Action,0.19,0.03,0.02,0.05,0.29
Sold Out,Yooka-Laylee,2017,Platform,0.09,0.16,0,0.05,0.29
Warner Bros. Interactive Entertainment,Cars 3: Driven to Win,2017,Racing,0.06,0.18,0.01,0.04,0.29
Konami Digital Entertainment,Metal Gear Solid V: The Definitive Experience,2016,Action,0.13,0.08,0.03,0.04,0.29
Focus Home Interactive,Sherlock Holmes: Crimes & Punishments,2014,Adventure,0.1,0.14,0,0.05,0.29
Ubisoft,Star Trek Bridge Crew VR,2017,Action,0.11,0.12,0,0.05,0.28
Sony Computer Entertainment,The Heavy Rain and Beyond: Two Souls Collection,2016,Action,0,0.24,0,0.04,0.28
Focus Home Interactive,Spintires: MudRunner,2017,Simulation,0.11,0.12,0,0.05,0.28
NIS America,Onechanbara Z2: Chaos,2014,Action,0.16,0.03,0.05,0.04,0.28
Square Enix,Secret of Mana,2018,Role-Playing,0.06,0.12,0.05,0.04,0.28
Namco Bandai Games,Gundam Versus,2017,Action,0.08,0,0.18,0.02,0.28
EA Sports,NBA Live 14,2013,Sports,0.17,0.05,0,0.05,0.27
Sony Interactive Entertainment,Bravo Team VR,2018,Shooter,0.12,0.09,0.02,0.04,0.27
Tripwire Interactive,Killing Floor 2 ,2016,Shooter,0.19,0.03,0,0.05,0.27
Sony Interactive Entertainment,Robinson: The Journey,2016,Action-Adventure,0.14,0.09,0,0.05,0.27
Sony Interactive Entertainment,DriveClub VR,2016,Racing,0.12,0.09,0.01,0.04,0.27
PQube,Fate/Extella: The Umbral Star,2016,Action,0.12,0,0.12,0.03,0.27
Capcom,Ultimate Marvel vs. Capcom 3,2017,Fighting,0.19,0,0.02,0.04,0.26
NIS America,New Danganronpa V3: Minna no Koroshiai Shin Gakki,2017,Adventure,0.09,0.05,0.07,0.03,0.25
Tecmo Koei,Samurai Warriors 4,2014,Fighting,0.08,0.07,0.06,0.03,0.25
THQ Nordic,Darksiders III,2018,Action,0.13,0.07,0,0.04,0.25
Electronic Arts,NBA Live 15,2014,Sports,0.16,0.04,0,0.04,0.25
EA Sports,NBA Live 18,2017,Sports,0.2,0,0,0.05,0.24
Sony Computer Entertainment,Tearaway Unfolded,2015,Platform,0.07,0.13,0,0.04,0.24
Namco Bandai Games,.hack//G.U. Last Recode,2017,Role-Playing,0.1,0.04,0.08,0.03,0.24
Milestone S.r.l.,Ride,2015,Racing,0.04,0.13,0.03,0.03,0.24
Ubisoft,Just Dance 2017,2016,Misc,0.08,0.12,0,0.04,0.24
Sold Out,The Escapists 2,2017,Action,0.04,0.16,0,0.04,0.24
Activision,Transformers: Devastation,2015,Action,0.11,0.09,0,0.04,0.24
Nordic Games,Darksiders II,2015,Action-Adventure,0.1,0.1,0,0.04,0.24
Konami Digital Entertainment,Jikkyou Powerful Pro Baseball 2016,2016,Sports,0,0,0.24,0,0.24
Bethesda Softworks,The Elder Scrolls Online: Morrowind,2017,MMO,0.11,0.09,0,0.04,0.24
Namco Bandai Games,Digimon World: Next Order,2017,Role-Playing,0.13,0.05,0.02,0.04,0.24
Astragon,theHunter: Call of the Wild,2017,Shooter,0.19,0,0,0.04,0.24
Activision,Tony Hawk's Pro Skater 5,2015,Sports,0.11,0.08,0,0.04,0.23
Activision,Angry Birds: Star Wars,2013,Puzzle,0.11,0.09,0,0.04,0.23
THQ Nordic,Elex,2017,Role-Playing,0.03,0.16,0,0.04,0.23
Sony Interactive Entertainment,RIGS: Mechanized Combat League,2016,Action,0.11,0.06,0.02,0.04,0.23
Activision,Transformer: Rise of the Dark Spark,2014,Shooter,0.08,0.11,0.01,0.04,0.23
Deep Silver,Dead Island Definitive Collection,2016,Action,0.09,0.08,0.03,0.03,0.23
Konami Digital Entertainment,Metal Gear Survive,2018,Action,0.08,0.06,0.05,0.03,0.23
Sony Interactive Entertainment,Singstar Celebration,2017,Music,0.04,0.15,0,0.03,0.23
505 Games,Dead by Daylight,2017,Action,0.11,0.06,0.02,0.04,0.22
Koei Tecmo,Attack on Titan 2,2018,Action,0.09,0.04,0.06,0.03,0.22
Telltale Games,The Wolf Among Us,2014,Adventure,0.11,0.07,0,0.04,0.22
Codemasters,Micro Machines: World Series,2017,Racing,0.03,0.16,0,0.03,0.22
Tecmo Koei,Bladestorm: Nightmare,2015,Action,0.11,0.04,0.03,0.03,0.22
Rebellion Developments,Zombie Army Trilogy,2015,Shooter,0.06,0.13,0,0.03,0.22
Warner Bros. Interactive Entertainment,Outlast Trinity,2017,Action,0.09,0.09,0,0.04,0.22
Sony Interactive Entertainment,EVE: Valkyrie,2016,Shooter,0.11,0.06,0,0.04,0.21
PQube,Senran Kagura: Peach Beach Splash,2017,Action,0.09,0.02,0.08,0.02,0.21
NIS America,Ys VIII: Lacrimosa of Dana,2017,Role-Playing,0.08,0.04,0.08,0.02,0.21
Focus Home Interactive,Bound By Flame,2014,Action,0.08,0.09,0,0.04,0.21
EA Sports,NBA Live 16,2015,Sports,0.13,0.05,0,0.04,0.21
Telltale Games,7 Days to Die,2016,Action,0.09,0.08,0,0.03,0.21
Tecmo Koei,Dynasty Warriors 8: Empires,2014,Misc,0.07,0.07,0.04,0.03,0.21
Capcom,Dragon's Dogma,2017,Role-Playing,0.07,0.07,0.03,0.03,0.21
Namco Bandai Games,Godzilla (2015),2014,Action,0.11,0.03,0.03,0.03,0.2
Ubisoft,Eagle Flight,2016,Adventure,0.09,0.08,0,0.03,0.2
Deep Silver,Agents of Mayhem,2017,Action,0.08,0.08,0,0.03,0.2
Milestone S.r.l.,MotoGP 14 ,2014,Racing,0.05,0.11,0,0.03,0.2
Frontier Developments,Elite: Dangerous,2017,Simulation,0.06,0.1,0,0.03,0.19
Sony Computer Entertainment,Singstar: Ultimate Party,2014,Music,0,0.16,0,0.03,0.19
Tecmo Koei,Toukiden Kiwami,2015,Action,0.06,0.07,0.03,0.03,0.19
Telltale Games,Batman: A Telltale Game Series,2016,Adventure,0.09,0.07,0,0.03,0.19
Koch Media,The Surge,2017,Action,0.07,0.08,0.01,0.03,0.19
Milestone S.r.l.,MotoGP 15,2015,Racing,0,0.13,0.04,0.02,0.18
Capcom,Resident Evil: Revelations,2017,Action,0.06,0.06,0.04,0.02,0.18
Marvelous Interactive,Senran Kagura: Estival Versus,2015,Action,0.08,0,0.09,0.02,0.18
Telltale Games,Back to the Future: The Game,2015,Adventure,0.1,0.05,0,0.03,0.18
Warner Bros. Interactive Entertainment,The Walking Dead - The Telltale Series: A New Frontier,2017,Adventure,0.11,0.04,0,0.03,0.17
Capcom,Resident Evil 6,2016,Shooter,0.1,0,0.05,0.02,0.17
Square Enix,Final Fantasy XIV: Heavensward,2015,MMO,0,0.09,0.06,0.02,0.17
Square Enix,Final Fantasy XIV: Stormblood,2017,MMO,0.05,0.06,0.04,0.02,0.17
Arc System Works,Guilty Gear Xrd: Sign,2014,Fighting,0.11,0,0.04,0.02,0.17
Activision,Prototype: Biohazard Bundle,2016,Action,0.14,0,0,0.03,0.17
PQube,BlazBlue Central Fiction,2016,Fighting,0.1,0,0.05,0.02,0.17
Milestone,MXGP 3: The Official Motocross Videogame,2017,Racing,0.06,0.08,0,0.03,0.17
Milestone S.r.l,Ride 2,2016,Racing,0.07,0.06,0.01,0.03,0.16
Capcom,Dead Rising 4,2017,Action-Adventure,0.08,0.05,0,0.03,0.16
System 3,Putty Squad,2013,Platform,0.06,0.07,0,0.03,0.16
Namco Bandai Games,Digimon Story: Cyber Sleuth - Hacker's Memory,2017,Role-Playing,0.05,0.05,0.04,0.02,0.16
Sony Interactive Entertainment,Battlezone,2016,Action,0.09,0.04,0,0.03,0.16
Namco Bandai Games,Naruto Shippuden: Ultimate Ninja Storm Legacy,2017,Fighting,0.07,0.04,0.03,0.02,0.16
Tecmo Koei,Berserk and the Band of the Hawk,2016,Action,0.07,0.02,0.05,0.02,0.16
PQube,BlazBlue: Chrono Phantasma Extend,2015,Fighting,0.08,0.04,0.02,0.02,0.16
Paradox Interactive ,Pillars of Eternity,2017,Role-Playing,0.11,0.02,0,0.03,0.16
Deep Silver,Valkyria: Azure Revolution,2017,Role-Playing,0.04,0.03,0.07,0.02,0.16
Sony Computer Entertainment,Gravity Rush Remastered,2015,Action-Adventure,0.02,0.06,0.05,0.02,0.16
NIS America,Psycho-Pass: Mandatory Happiness,2016,Visual Novel,0.1,0.02,0,0.03,0.15
505 Games,Brothers: A Tale of Two Sons,2015,Adventure,0.04,0.09,0,0.02,0.15
Tecmo Koei,Warriors Orochi 3,2014,Action,0.04,0.05,0.04,0.02,0.15
Deep Silver,Wasteland 2,2015,Role-Playing,0.1,0,0.03,0.02,0.15
Tecmo Koei,Atelier Sophie: The Alchemist of the Mysterious Book,2015,Role-Playing,0.04,0.03,0.07,0.01,0.15
Dusenberry Martin Racing,NASCAR Heat Evolution,2016,Racing,0.12,0,0,0.03,0.15
Sega,Yakuza: Ishin,2014,Adventure,0,0,0.15,0,0.15
Tecmo Koei,Toukiden 2,2016,Action,0.04,0,0.1,0.01,0.15
Insomniac Games,Song of the Deep,2016,Action,0.12,0,0,0.03,0.15
Namco Bandai Games,Super Robot Wars V,2017,Role-Playing,0,0,0.15,0,0.15
Tecmo Koei,Blue Reflection: Maboroshi ni Mau - Shoujo no Ken,2017,Role-Playing,0.07,0,0.06,0.02,0.14
Idea Factory International,Yonmegami Online: Cyber Dimension Neptune,2017,Role-Playing,0.06,0,0.07,0.01,0.14
NIS America,Grand Kingdom,2015,Role-Playing,0.08,0,0.04,0.02,0.14
Tecmo Koei,Arslan: The Warriors of Legend,2016,Action,0.03,0.04,0.06,0.01,0.14
Focus Home Interactive,Pro Cycling Manager 2016,2016,Sports,0,0.12,0,0.02,0.14
Yacht Club Games,Shovel Knight,2015,Platform,0.08,0.04,0,0.02,0.14
Little Orbit,Adventure Time: Finn & Jake Investigations,2015,Action,0.07,0.05,0,0.02,0.14
PQube,Guilty Gear Xrd -Revelator-,2016,Fighting,0.06,0,0.07,0.01,0.14
Gearbox Software,We Happy Few,2018,Action-Adventure,0.08,0.04,0,0.02,0.14
Ubisoft,Rocksmith 2014 Edition Remastered,2016,Music,0.11,0,0,0.03,0.14
Ubisoft,The Crew: Wild Run,2015,Racing,0,0.12,0,0.02,0.14
Milestone S.r.l.,MXGP 2,2016,Racing,0.05,0.06,0,0.02,0.14
Koch Media,MotoGP 17,2017,Racing,0.04,0.07,0,0.02,0.14
Idea Factory International,Fairy Fencer F: Advent Dark Force,2015,Role-Playing,0.06,0,0.06,0.01,0.14
Tecmo Koei,Samurai Warriors 4-II,2015,Action,0.04,0.02,0.07,0.01,0.13
Ravenscourt,The Golf Club,2014,Sports,0.09,0.02,0,0.02,0.13
Sega,Hatsune Miku: Project Diva X,2016,Music,0.08,0,0.04,0.02,0.13
505 Games,NASCAR Heat 2,2017,Racing,0.11,0,0,0.02,0.13
Gearbox Software,Bulletstorm: Full Clip Edition,2017,Shooter,0.05,0.06,0,0.02,0.13
Namco Bandai Games,Valentino Rossi: The Game,2016,Racing,0.05,0.05,0,0.02,0.13
Maximum Games,Golf Club 2,2017,Sports,0.05,0.06,0,0.02,0.13
Acquire,Akiba's Trip 2,2014,Action,0.09,0,0.02,0.02,0.13
Bigben Interactive,Rugby 15,2015,Sports,0.05,0.06,0,0.02,0.13
Atlus,Utawarerumono: Futari no Hakuoro,2016,Visual Novel,0.05,0,0.07,0.01,0.13
Nihon Falcom Corporation,The Legend of Heroes: Trails of Cold Steel III,2017,Role-Playing,0,0,0.13,0,0.13
Deep Silver,Utawarerumono: Itsuwari no Kamen,2015,Adventure,0.05,0,0.07,0.01,0.13
Sony Interactive Entertainment,The Inpatient,2018,Action,0.06,0.05,0,0.02,0.13
Tru Blu Entertainment,Don Bradman Cricket 14,2015,Sports,0.01,0.09,0,0.02,0.13
Namco Bandai Games,Sword Art Online: Hollow Fragment,2015,Role-Playing,0,0.11,0,0.02,0.12
Activision,Teenage Mutant Ninja Turtles: Mutants in Manhattan,2016,Action,0.07,0.03,0,0.02,0.12
Sony Interactive Entertainment,Job Simulator,2017,Simulation,0.1,0,0,0.02,0.12
505 Games,Portal Knights,2017,Role-Playing,0.02,0.05,0.03,0.01,0.12
Tecmo Koei,Samurai Warriors 4: Empires,2015,Action,0.03,0.01,0.07,0.01,0.12
NIS America,Danganronpa 1o2 Reload,2017,Adventure,0.08,0,0.02,0.02,0.12
Namco Bandai Games,God Eater 2: Rage Burst,2015,Role-Playing,0,0.01,0.11,0,0.12
Ubisoft,America's Greatest Game Shows: Wheel of Fortune & Jeopardy!,2017,Misc,0.1,0,0,0.02,0.12
Warner Bros. Interactive Entertainment,Marvel's Guardians of the Galaxy: The Telltale Series,2017,Adventure,0.06,0.04,0,0.02,0.12
Namco Bandai Games,Digimon Story: Cyber Sleuth,2016,Role-Playing,0,0.1,0,0.02,0.11
System 3,Constructor HD,2017,Strategy,0.09,0,0,0.02,0.11
Telltale Games,Minecraft: Story Mode - Season Two,2017,Adventure,0.09,0,0,0.02,0.11
THQ Nordic,Darksiders: Warmastered Edition,2016,Action-Adventure,0.07,0.02,0,0.02,0.11
Deep Silver,Mighty No. 9,2016,Platform,0.09,0,0,0.02,0.11
GameTrust,The Invisible Hours,2017,Adventure,0.09,0,0,0.02,0.11
Milestone S.r.l.,Monster Energy Supercross - The Official Videogame,2018,Racing,0.08,0.01,0,0.02,0.11
Namco Bandai Games,The Idolmaster: Platinum Stars,2016,Simulation,0,0,0.11,0,0.11
NIS America,The Witch and the Hundred Knight,2015,Role-Playing,0.03,0.01,0.06,0.01,0.11
Namco Bandai Games,SD Gundam G Generation Genesis,2016,Strategy,0,0,0.11,0,0.11
Grey Box,Rime,2017,Adventure,0.02,0.07,0,0.02,0.11
Namco Bandai Games,Super Robot Wars OG: The Moon Dwellers,2016,Misc,0,0,0.11,0,0.11
Namco Bandai Games,Gundam Breaker 3,2016,Action,0,0,0.11,0,0.11
D3Publisher,Earth Defense Force 2025.1: The Shadow of New Despair,2015,Shooter,0,0,0.11,0,0.11
Devolver Digital,Shadow Warrior (2013),2014,Shooter,0,0.09,0,0.02,0.11
Ubisoft,Assassin's Creed Chronicles,2016,Action,0.02,0.05,0.02,0.01,0.11
Capcom,Mega Man Legacy Collection,2016,Platform,0.09,0,0,0.02,0.11
Namco Bandai Games,Pac-Man Championship Edition 2 + Arcade Game Series,2017,Action,0.08,0,0,0.02,0.1
Nihon Falcom Corporation,Tokyo Xanadu eX+,2016,Role-Playing,0.05,0,0.05,0.01,0.1
505 Games,Stardew Valley,2017,Simulation,0.04,0.04,0,0.02,0.1
Tecmo Koei,Romance of the Three Kingdoms 13,2015,Action,0.03,0,0.06,0.01,0.1
Tecmo Koei,Musou Stars,2017,Action,0.03,0,0.06,0.01,0.1
Capcom,Mega Man Legacy Collection 2,2017,Action,0.06,0,0.02,0.01,0.1
Square Enix,Final Fantasy XIV Online Complete Edition,2017,MMO,0.07,0,0.02,0.02,0.1
Capcom,Devil May Cry 4,2015,Action,0.01,0,0.09,0,0.1
Sega,Puyo Puyo Tetris,2014,Puzzle,0.05,0.03,0,0.02,0.1
NIS America,Natural Doctrine,2014,Role-Playing,0.05,0.02,0.02,0.01,0.1
Kalypso Media,Sudden Strike 4,2017,Strategy,0.05,0.03,0.01,0.02,0.1
Namco Bandai Games,Accel World vs. Sword Art Online: Millennium Twilight,2017,Action,0,0.03,0.06,0.01,0.1
Bethesda Softworks,Wolfenstein The Two Pack,2017,Shooter,0.08,0,0,0.02,0.1
PQube,Guilty Gear Xrd REV 2,2017,Fighting,0.04,0.01,0.03,0.01,0.1
,Ultra Street Fighter IV,N/A,Fighting,0,0.08,0,0.01,0.1
Ravenscourt,Let's Sing 2016,2015,Music,0.08,0,0,0.02,0.1
Capcom,Resident Evil 4 HD,2016,Action-Adventure,0.07,0,0.01,0.02,0.1
Tecmo Koei,Nights of Azure 2,2017,Action,0.04,0,0.04,0.01,0.09
Focus Home Interactive,The Technomancer,2016,Role-Playing,0.04,0.04,0,0.02,0.09
Tecmo Koei,Nights of Azure,2015,Action,0.04,0.04,0,0.02,0.09
Namco Bandai Games,Taiko no Tatsujin: Drum Session!,2017,Music,0,0,0.09,0,0.09
Tecmo Koei,Nobunaga's Ambition: Sphere of Influence - Sengoku Risshiden,2016,Strategy,0.03,0,0.06,0.01,0.09
Kalypso Media,Grand Ages: Medieval,2015,Strategy,0,0.05,0.03,0.01,0.09
Tru Blu Entertainment,Rugby League Live 4,2017,Sports,0,0.08,0,0.01,0.09
Ubisoft,Toy Soldiers: War Chest,2015,Action,0.07,0,0,0.02,0.09
Namco Bandai Games,God Eater Resurrection,2015,Action,0,0,0.09,0,0.09
Sony Interactive Entertainment,Paragon,2016,Action,0.07,0,0,0.02,0.09
Gaijinworks,Summon Night 6: Lost Borders,2016,Role-Playing,0.03,0,0.05,0.01,0.09
Idea Factory International,Black Rose Valkyrie,2016,Role-Playing,0.04,0,0.04,0.01,0.09
Gearbox Software,Duke Nukem 3D: 20th Anniversary World Tour,2016,Shooter,0.07,0,0,0.02,0.09
Funbox Media,ATV Drift & Tricks,2017,Racing,0.07,0,0,0.02,0.09
Tecmo Koei,Yoru no Nai Kuni,2015,Role-Playing,0,0,0.09,0,0.09
Square Enix,Lara Croft and the Temple of Osiris,2014,Action,0,0.07,0,0.01,0.09
,Dragon's Dogma Online,N/A,Role-Playing,0,0,0.09,0,0.09
Activision,Ghostbusters (2016),2016,Action,0.07,0,0,0.02,0.08
Microids,Agatha Christie's The ABC Murders,2016,Adventure,0.05,0.02,0,0.02,0.08
Xseed Games,Shantae: Half-Genie Hero,2016,Platform,0.06,0,0.01,0.01,0.08
PQube,Earth Defense Force 4.1: The Shadow of New Despair,2015,Shooter,0.05,0.02,0,0.01,0.08
Badland Studio,The Sexy Brutale,2017,Adventure,0.05,0.02,0,0.01,0.08
Nordic Games,Legend of Kay,2015,Action,0.03,0.03,0,0.01,0.08
Ubisoft,Hasbro Family Fun Pack Conquest Edition,2016,Misc,0.07,0,0,0.02,0.08
Maximum Games,Loading Human,2016,Adventure,0.05,0.02,0,0.01,0.08
GameMill,Rapala Fishing Pro Series,2017,Simulation,0.06,0,0,0.02,0.08
Tecmo Koei,Atelier Firis: The Alchemist of the Mysterious Journey,2016,Role-Playing,0.02,0,0.05,0.01,0.08
Capcom,Dead Rising,2016,Action,0.04,0,0.02,0.01,0.08
505 Games,Assetto Corsa,2016,Racing,0,0.06,0.01,0.01,0.08
PQube,Akiba's Beat,2016,Action,0.05,0,0.01,0.01,0.08
PQube,WRC 6,2016,Racing,0.03,0.02,0.01,0.01,0.08
NIS America,God Wars: Future Past,2017,Role-Playing,0.03,0.01,0.02,0.01,0.07
Capcom,Resident Evil 5 HD,2016,Action,0.05,0,0.01,0.01,0.07
Nippon Ichi Software,The Witch and the Hundred Knights 2,2017,Role-Playing,0.03,0,0.03,0.01,0.07
Tecmo Koei,Samurai Warriors: Sanada Maru,2016,Action,0.02,0,0.05,0.01,0.07
Square Enix,Project Setsuna,2016,Role-Playing,0,0,0.07,0,0.07
GameTrust,Has-Been Heroes,2017,Action,0.06,0,0,0.01,0.07
Square Enix,Fortune Street: Dragon Quest & Final Fantasy 30th Anniversary,2017,Misc,0,0,0.07,0,0.07
Focus Home Interactive,Styx: Shards of Darknes,2017,Action,0.06,0,0,0.01,0.07
Capcom,Dead Rising 2,2016,Action,0.04,0,0.02,0.01,0.07
Nordic Games,The Book of Unwritten Tales 2,2015,Adventure,0,0.06,0,0.01,0.07
NIS America,Touhou Genso Rondo: Bullet Ballet,2016,Shooter,0.06,0,0,0.01,0.07
Warner Bros. Interactive Entertainment,The Walking Dead: A Telltale Series Collection,2017,Adventure,0.06,0,0,0.01,0.07
NIS America,The Silver Case,2017,Visual Novel,0.05,0,0.01,0.01,0.07
Bigben Interactive,Hunting Simulator,2017,Shooter,0.06,0,0,0.01,0.07
Bigben Interactive,WRC 7,2017,Racing,0.06,0,0,0.01,0.07
Namco Bandai Games,Kamen Rider: Battride War Genesis,2016,Action,0,0,0.07,0,0.07
Focus Home Interactive,Le Tour de France 2017,2017,Simulation,0,0.06,0,0.01,0.07
Namco Bandai Games,City Shrouded in Shadow,2017,Action-Adventure,0,0,0.07,0,0.07
Aksys Games,SG/ZH: School Girl/Zombie Hunter,2017,Action,0.04,0,0.02,0.01,0.07
Revolution Software,Broken Sword 5: The Serpent's Curse,2015,Adventure,0,0.06,0,0.01,0.07
505 Games,Terraria,2014,Action,0,0.05,0.01,0.01,0.07
Games Workshop,Warhammer: The End Times - Vermintide,2016,Action,0.03,0.03,0,0.01,0.07
Telltale Games,Batman: The Enemy Within,2017,Adventure,0.05,0,0,0.01,0.07
Atari,Atari Flashback Classics: Volume 1,2016,Misc,0.05,0,0,0.01,0.07
Nordic Games,Legend of Kay Anniversary,2015,Action,0,0.06,0,0.01,0.07
PQube,Steins;Gate 0,2015,Adventure,0,0,0.07,0,0.07
Ubisoft,ZombiU,2016,Action,0,0.04,0.01,0.01,0.07
Deep Silver,Risen 3: Titan Lords,2015,Role-Playing,0,0.06,0,0.01,0.07
Maximum Games,Mark McMorris Infinite Air,2016,Sports,0.05,0,0,0.01,0.06
Tecmo Koei,Dead or Alive Xtreme 3: Fortune,2016,Sports,0,0,0.06,0,0.06
NIS America,Birthdays the Beginning,2017,Misc,0.05,0,0,0.01,0.06
Koch Media,Rugby 18,2017,Sports,0.05,0,0,0.01,0.06
Nicalis,The Binding of Isaac,2017,Misc,0.05,0,0,0.01,0.06
Bigben Interactive,Sherlock Holmes: The Devil's Daughter,2016,Adventure,0.05,0,0,0.01,0.06
Tecmo Koei,Atelier Liddy and Soeur: Alchemists of the Mysterious Painting,2017,Role-Playing,0.03,0,0.03,0.01,0.06
Nordic Games,MX vs. ATV Supercross Encore,2015,Sports,0,0.05,0,0.01,0.06
THQ Nordic,MX vs ATV Supercross Encore 2017 Track Edition,2017,Racing,0.05,0,0,0.01,0.06
Namco Bandai Games,Sword Art Online: Game Director's Edition,2015,Role-Playing,0,0,0.06,0,0.06
Ready at Dawn,Deformers,2017,Action,0.05,0,0,0.01,0.06
Tecmo Koei,Nobunaga no Yabou: Souzou,2014,Strategy,0,0,0.06,0,0.06
Square Enix,Dragon Quest X: All in One Package,2017,Role-Playing,0,0,0.06,0,0.06
NIS America,Yomawari: Midnight Shadows,2017,Action,0.02,0,0.04,0,0.06
Telltale Games,Game of Thrones (Telltale),2015,Adventure,0.05,0,0,0.01,0.06
Atari,Atari Flashback Classics: Volume 2,2016,Misc,0.05,0,0,0.01,0.06
Maximum Games,Outcast: Second Contact,2017,Adventure,0.05,0,0,0.01,0.06
Maximum Games,Cartoon Network Battle Crashers,2016,Action,0.05,0,0,0.01,0.06
Bigben Interactive,Handball 16,2015,Sports,0,0.05,0,0.01,0.06
Maximum Games,Extinction,2018,Action,0.05,0,0,0.01,0.06
Big Ben Interactive,Rugby World Cup 2015,2015,Sports,0,0.05,0,0.01,0.06
Aksys Games,Exist Archive: The Other Side of the Sky,2015,Role-Playing,0.02,0,0.03,0,0.06
Activision,King's Quest: The Complete Collection,2016,Adventure,0.05,0,0,0.01,0.06
THQ Nordic,Sine Mora,2017,Action,0.03,0.01,0,0.01,0.06
Sold Out,Aven Colony,2017,Strategy,0.04,0.01,0,0.01,0.06
THQ Nordic,Battle Chasers: Nightwar,2017,Role-Playing,0.03,0.02,0,0.01,0.06
Bigben Interactive,WRC 5: FIA World Rally Championship,2015,Racing,0,0.05,0,0.01,0.06
THQ Nordic,Black Mirror,2017,Adventure,0.04,0,0,0.01,0.05
NIS America,Touhou Genso Wanderer,2017,Action,0.04,0,0,0.01,0.05
Nordic Games,Arcania: Gothic 4,2015,Role-Playing,0.04,0,0,0.01,0.05
Sony Interactive Entertainment,Starblood Arena VR,2017,Shooter,0.04,0,0,0.01,0.05
505 Games,Hellblade,2018,Action-Adventure,0.03,0.01,0,0.01,0.05
Accolade,Bubsy: The Woolies Strike Back,2017,Platform,0.04,0,0,0.01,0.05
Marvelous Interactive,Nitroplus Blasterz: Heroines Infinite Duel,2015,Fighting,0.01,0.01,0.03,0,0.05
Tecmo Koei,Nobunaga's Ambition: Creation,2014,Strategy,0.04,0,0,0.01,0.05
Ubisoft,Child of Light,2014,Role-Playing,0,0.01,0.04,0,0.05
Sega,Phantasy Star Online 2 Episode 4: Deluxe Package,2017,Role-Playing,0,0,0.05,0,0.05
Deep Silver,Saints Row: Gat out of Hell,2015,Action,0,0.04,0,0.01,0.05
Ubisoft,Werewolves Within,2016,Misc,0.04,0,0,0.01,0.05
NIS America,Demon Gaze 2,2017,Role-Playing,0.04,0,0,0.01,0.05
Soedesco,Real Farm,2017,Simulation,0.04,0,0,0.01,0.05
Team17 Digital Ltd,Worms: WMD,2016,Strategy,0.02,0.02,0,0.01,0.05
Microids,Syberia III,2017,Adventure,0.04,0,0,0.01,0.05
Capcom,Sengoku Basara: Sanada Yukimura-Den,2016,Action,0,0,0.05,0,0.05
Capcom,Sengoku Basara 4: Sumeragi,2015,Action,0,0,0.05,0,0.05
Milestone S.r.l,Sébastien Loeb Rally Evo,2016,Racing,0,0.04,0,0.01,0.05
505 Games,Don't Starve,2018,Adventure,0.04,0,0,0.01,0.05
GameMill,Monster Jam: Crush It,2016,Racing,0.04,0,0,0.01,0.05
Introversion Software,Prison Architect,2016,Simulation,0.02,0.02,0,0.01,0.05
Rising Star Games,Assault Suit Leynos,2016,Shooter,0.04,0,0,0.01,0.05
NIS America,Tokyo Twilight Ghost Hunters Daybreak: Special Gigs,2016,Adventure,0.04,0,0,0.01,0.05
Sold Out,Overcooked,2016,Action,0.04,0,0,0.01,0.05
Outright Games,Ben 10 (2017),2017,Action,0.04,0,0,0.01,0.05
Maximum Games,Dead Alliance,2017,Shooter,0.04,0,0,0.01,0.04
Maximum Games,Deer Hunter Reloaded,2017,Shooter,0.04,0,0,0.01,0.04
Sony Interactive Entertainment,That's You,2017,Party,0.04,0,0,0.01,0.04
505 Games,Raid: World War II,2017,Shooter,0.04,0,0,0.01,0.04
Idea Factory International,Hyperdimension Neptunia Victory II,2015,Role-Playing,0,0,0.04,0,0.04
Aksys Games,Zero Escape The Nonary Games,2017,Adventure,0.03,0,0.01,0.01,0.04
Alternative Software,Rugby Challenge 3,2016,Sports,0,0.04,0,0.01,0.04
Kalypso Media,Vikings: Wolves of Midgard,2017,Action,0.03,0.01,0,0.01,0.04
505 Games,INSIDE / LIMBO Double Pack,2017,Platform,0.04,0,0,0.01,0.04
Nighthawk Interactive,The Talos Principle,2015,Puzzle,0,0.04,0,0.01,0.04
Compile Heart,Megadimension Neptunia VIIR,2017,Role-Playing,0.01,0,0.03,0,0.04
MLB.com,R.B.I. Baseball 2016,2016,Sports,0.04,0,0,0.01,0.04
Techland,Pure Farming 2018,2018,Simulation,0.02,0.01,0,0.01,0.04
Nighthawk Interactive,Air Conflicts: Secret Wars,2016,Simulation,0.03,0,0,0.01,0.04
Avanquest,Anima - Gate of Memories,2016,Action,0.01,0.02,0,0.01,0.04
Badland Studio,Axiom Verge,2017,Action,0.03,0,0,0.01,0.04
Merge Games,Unbox: Newbie's Adventure,2017,Action,0.03,0,0,0.01,0.04
Sony Interactive Entertainment,Here They Lie,2016,Adventure,0,0.03,0,0.01,0.04
Arc System Works,Under Night In-Birth Exe:Latest,2017,Fighting,0.01,0,0.03,0,0.04
Maximum Games,Aragami,2016,Action,0.03,0,0,0.01,0.04
CokeM Interactive,Yonder: The Cloud Catcher Chronicles,2017,Action,0.03,0,0,0.01,0.04
Ubisoft,Assassin's Creed Chronicles: China,2015,Action-Adventure,0,0.03,0,0.01,0.04
Namco Bandai Games,JoJo's Bizarre Adventure: Eyes of Heaven,2015,Fighting,0,0,0.04,0,0.04
Kalypso Media,Dungeons 3,2017,Strategy,0.03,0,0,0.01,0.04
Focus Home Interactive,Tour de France 2014,2014,Sports,0,0.03,0,0.01,0.04
NIS America,Danganronpa Another Episode: Ultra Despair Girls,2017,Shooter,0.03,0,0.01,0.01,0.04
PQube,Aegis of Earth: Protonovus Assault,2016,Action,0.03,0.01,0,0.01,0.04
Ubisoft,Just Sing,2016,Music,0.03,0,0,0.01,0.04
Nicalis,Wonder Boy: The Dragon's Trap (Remake),2018,Platform,0.03,0,0,0.01,0.04
Rising Star Games,Lumo,2016,Puzzle,0.03,0,0,0.01,0.04
505 Games,ABZU,2017,Adventure,0.03,0,0,0.01,0.04
Kalypso Media,Shadow Tactics: Blades of the Shogun,2017,Strategy,0.02,0.01,0,0.01,0.04
Merge Games,Darkest Dungeon,2018,Role-Playing,0.02,0,0.01,0.01,0.04
MLB.com,R.B.I. Baseball 2017,2017,Sports,0.03,0,0,0.01,0.04
5pb,Punch Line,2015,Adventure,0.03,0,0,0.01,0.04
Perp Games,VR Karts,2017,Racing,0.03,0,0,0.01,0.04
Capcom,Resident Evil: Umbrella Corps,2016,Shooter,0,0,0.04,0,0.04
Nighthawk Interactive,Marvel Pinball: Epic Collection Volume 1,2016,Puzzle,0.03,0,0,0.01,0.04
Namco Bandai Games,God Eater Off Shot: Lindow-hen Twin Pack & Animation Vol. 2,2015,Misc,0,0,0.04,0,0.04
Sony Computer Entertainment,Infamous: First Light,2014,Action,0,0.03,0,0,0.03
UFO Interactive,Raiden V,2017,Action,0.02,0,0,0.01,0.03
Activision,The Peanuts Movie: Snoopy's Grand Adventure,2015,Platform,0,0.03,0,0,0.03
THQ Nordic,The Dwarves,2016,Role-Playing,0.03,0,0,0.01,0.03
Tecmo Koei,Dynasty Warriors: Eiketsuden,2016,Strategy,0,0,0.03,0,0.03
Tecmo Koei,Winning Post 8 2016,2016,Simulation,0,0,0.03,0,0.03
Capcom,Dragon's Dogma Online: Season 2,2016,Action,0,0,0.03,0,0.03
Nippon Ichi Software,Coven and Labyrinth of Refrain,2017,Action,0.01,0,0.01,0,0.03
Wired Productions,Super Dungeon Bros,2016,Action,0.02,0,0,0.01,0.03
Sega,Blade Arcus from Shining EX,2015,Fighting,0,0,0.03,0,0.03
Maximum Games,Troll and I,2017,Action,0.02,0,0,0.01,0.03
Kalypso Media,The Pillars of the Earth,2017,Adventure,0.02,0,0,0.01,0.03
Kadokawa Games,The Lost Child,2017,Action,0.01,0,0.01,0,0.03
Tecmo Koei,Romance of the Three Kingdoms 13 with Power-Up Kit,2017,Misc,0,0,0.03,0,0.03
Yeti,Koihime Enbu,2016,Fighting,0,0,0.03,0,0.03
Maximum Games,Road Rage,2017,Racing,0.02,0,0,0.01,0.03
Tecmo Koei,Winning Post 8 2017,2017,Misc,0,0,0.03,0,0.03
Avanquest,Dino Dini's Kick Off Revival,2016,Sports,0,0.02,0,0,0.03
Namco Bandai Games,God Eater Off Shot:Shiou-hen Twin Pack & Animation Vol.5,2016,Misc,0,0,0.03,0,0.03
Nighthawk Interactive,Tumblestone,2016,Puzzle,0.02,0,0,0.01,0.03
Kalypso Media,Blackguards 2,2017,Strategy,0.02,0,0,0.01,0.03
THQ Nordic,Baja: Edge of Control HD,2017,Racing,0.02,0,0,0.01,0.03
Namco Bandai Games,Crows: Burning Edge,2016,Action,0,0,0.03,0,0.03
Activision,Geometry Wars 3: Dimensions Evolved,2016,Action,0.02,0,0,0.01,0.03
THQ Nordic,We Sing (2016),2016,Music,0.02,0,0,0.01,0.03
Nippon Ichi Software,Shin Hayarigami 2,2016,Adventure,0,0,0.03,0,0.03
Wired Productions,The Town of Light,2017,Adventure,0.02,0,0,0.01,0.03
Badland Studio,OlliOlli: Epic Combo Edition,2016,Platform,0.02,0,0,0.01,0.03
Namco Bandai Games,Naruto Shippuden Ultimate Ninja Storm 4: Road to Boruto,2017,Fighting,0,0,0.03,0,0.03
,This War of Mine,N/A,Action,0,0.02,0,0,0.03
Sprite,Ao no Kanata no Four Rhythm,2017,Visual Novel,0,0,0.03,0,0.03
Aksys Games,Zero Escape: Zero Time Dilemma,2017,Adventure,0.02,0,0,0,0.03
Soedesco,AereA,2017,Role-Playing,0.02,0,0,0,0.03
PQube,Root Letter,2016,Visual Novel,0,0,0.03,0,0.03
NIS America,ClaDun Sengoku,2017,Action,0.02,0,0,0,0.03
Soedesco,The Girl and the Robot,2017,Misc,0.02,0,0,0,0.03
Compile Heart,Omega Quintet,2014,Role-Playing,0,0,0.02,0,0.03
NIS America,Touhou Kobuto V: Burst Battle,2017,Shooter,0.02,0,0,0,0.03
Namco Bandai Games,God Eater Off Shot: Soma Shikkuzaru-hen Twin Pack & Animation Vol.4,2016,Action,0,0,0.02,0,0.02
Tru Blu Entertainment,Rugby League Live 3,2015,Sports,0,0.02,0,0,0.02
D3Publisher,Omega Labyrinth Z,2017,Role-Playing,0,0,0.02,0,0.02
Square Enix,Lost Sphear,2017,Role-Playing,0,0,0.02,0,0.02
PM Studios,Superbeat: Xonic,2017,Music,0.02,0,0,0,0.02
Gunho Online Entertainment,Republique,2016,Action-Adventure,0,0.01,0.01,0,0.02
Sony Interactive Entertainment,Super Stardust Ultra VR,2016,Shooter,0,0.02,0,0,0.02
505 Games,Redout,2017,Racing,0.02,0,0,0,0.02
Capcom,Resident Evil: Value Pack,2016,Action-Adventure,0,0,0.02,0,0.02
Namco Bandai Games,God Eater Off Shot: Tachibana Sakuya-hen Twin Pack & Animation Vol.7,2016,Action,0,0,0.02,0,0.02
Sony Interactive Entertainment,PaRappa the Rapper Remastered,2017,Music,0,0,0.02,0,0.02
Rising Star Games,Earth's Dawn,2016,Action,0.02,0,0,0,0.02
GameMill Entertainment,Big Buck Hunter Arcade,2016,Shooter,0.02,0,0,0,0.02
Kalypso Media,Dungeons 2,2016,Role-Playing,0.02,0,0,0,0.02
Soedesco,Tricky Towers,2017,Puzzle,0.02,0,0,0,0.02
Sony Interactive Entertainment,No Heroes Allowed! VR,2017,Strategy,0,0,0.02,0,0.02
Maximum Games,ArmaGallant: Decks of Destiny,2017,Strategy,0.02,0,0,0,0.02
Stainless Games,Carmageddon: Max Damage,2016,Action,0.02,0,0,0,0.02
League of Geeks,Armello,2018,Strategy,0.02,0,0,0,0.02
Wired Productions,Shaq-Fu: A Legend Reborn,2018,Action,0.02,0,0,0,0.02
Sony Interactive Entertainment,Patapon Remastered,2017,Music,0,0,0.02,0,0.02
Capcom,Monster Hunter Frontier Z: Beginner's Package,2016,Action,0,0,0.02,0,0.02
Namco Bandai Games,Professional Farmer 2016,2015,Action,0,0.02,0,0,0.02
D3Publisher,Natsuiro High School: Seishun Hakusho,2015,Action,0,0,0.02,0,0.02
Kalypso Media,The Inner World: The Last Wind Monk,2017,Puzzle,0.02,0,0,0,0.02
Rising Star Games,SteamWorld Collection,2016,Misc,0.02,0,0,0,0.02
5pb,Konoyo no Hate de Koi o Utau Shoujo: Yu-No,2017,Visual Novel,0,0,0.02,0,0.02
Namco Bandai Games,God Eater Off Shot: Fujiki Kota-hen Twin Pack & Animation Vol.6,2016,Misc,0,0,0.02,0,0.02
Compile Heart,Genkai Tokki: Castle Panzers,2017,Role-Playing,0,0,0.02,0,0.02
Arc System Works,Skullgirls: 2nd Encore,2016,Fighting,0,0,0.02,0,0.02
THQ Nordic,This Is The Police,2017,Simulation,0.01,0,0,0,0.02
Ubisoft,Rabbids Invasion: The Interactive TV Show,2014,Misc,0,0.01,0,0,0.02
Bigben Interactive,FlatOut 4: Total Insanity,2017,Racing,0.01,0,0,0,0.02
PQube,Chaos;Child,2015,Visual Novel,0,0,0.02,0,0.02
Mediascape,Touhou Shinhiroku: Urban Legend in Limbo,2016,Fighting,0,0,0.02,0,0.02
Rebellion,Rogue Trooper: Redux,2017,Shooter,0.01,0,0,0,0.02
Focus Home Interactive,Space Hulk: Deathwing,2015,Shooter,0,0.01,0,0,0.02
Soedesco,Pharaonic,2017,Action,0.01,0,0,0,0.02
PQube,White Day,2017,Action,0,0.01,0.01,0,0.02
Techland,Torment: Tides of Numenera,2017,Role-Playing,0.01,0,0,0,0.01
GungHo,Let It Die,2017,Action,0,0.01,0.01,0,0.01
Namco Bandai Games,Summer Lesson: Miyamoto Hikari Collection,2017,Adventure,0,0,0.01,0,0.01
TopWare Interactive,Raven's Cry,2015,Role-Playing,0,0.01,0,0,0.01
5pb,New Game! The Challenge Stage!,2017,Adventure,0,0,0.01,0,0.01
Nippon Ichi Software,Hakoniwa Company Works,2017,Strategy,0,0,0.01,0,0.01
Arc System Works,DJ Max Respect,2017,Misc,0,0,0.01,0,0.01
Nordic Games,Battle Worlds: Kronos,2016,Strategy,0.01,0,0,0,0.01
Capcom,Dragon's Dogma Online: Season 3,2017,Role-Playing,0,0,0.01,0,0.01
5pb,Occultic;Nine,2017,Adventure,0,0,0.01,0,0.01
5pb,Kono Subarashii Sekai ni Shukufuku o! Kono Yokubukai Game ni Shinpan o!,2017,Adventure,0,0,0.01,0,0.01
M2,Battle Garegga Rev.2016,2016,Strategy,0,0,0.01,0,0.01
5pb,Yahari Game Demo Ore no Seishun Love-Kome wa Machigatteiru. & Zoku: Oatome Set,2017,Adventure,0,0,0.01,0,0.01
UIG Entertainment,Farming 2017 - The Simulation,2016,Simulation,0,0.01,0,0,0.01
5pb,Re:Zero - Kara Hajimeru Isekai Seikatsu - Death or Kiss,2017,Adventure,0,0,0.01,0,0.01
Rising Star Games,Zombie Vikings,2016,Action,0,0.01,0,0,0.01
Nighthawk Interactive,ATV Renegades,2017,Racing,0.01,0,0,0,0.01
Soedesco,Ziggurat,2016,Shooter,0,0.01,0,0,0.01
5pb,Chaos;Child: Love Chu Chu!!,2017,Visual Novel,0,0,0.01,0,0.01
PQube,Moto Racer 4,2016,Racing,0.01,0,0,0,0.01
Sony Interactive Entertainment,LocoRoco Remastered,2017,Platform,0,0,0.01,0,0.01
THQ Nordic,Lock's Quest,2017,Strategy,0.01,0,0,0,0.01
PQube,Gal Gun: Double Peace,2015,Action,0,0,0.01,0,0.01
Namco Bandai Games,Woodcutter Simulator 2016,2015,Action,0,0.01,0,0,0.01
Acquire,Akiba's Trip 2+A,2017,Adventure,0,0,0.01,0,0.01
Compile Heart,Date-A-Live Twin Edition: Rio Reincarnation,2017,Adventure,0,0,0.01,0,0.01
Kalypso Media,Valhalla Hills,2017,Strategy,0.01,0,0,0,0.01
Tecmo Koei,Deception IV: Blood Ties,2015,Action,0,0,0.01,0,0.01
Namco Bandai Games,One Piece: Unlimited World Red,2017,Action,0,0,0.01,0,0.01
Active Gaming Media,Hyper Light Drifter,2017,Role-Playing,0,0,0.01,0,0.01
Rain Games,Teslagrad,2014,Platform,0,0.01,0,0,0.01
Kadokawa Games,Darius Burst: Chronicle Saviours,2017,Action,0,0,0.01,0,0.01
Team17 Software,The Escapists: The Walking Dead,2016,Action,0,0,0,0,0.01
Team Meat,Super Meat Boy,2016,Platform,0,0,0,0,0.01
Focus Home Interactive,Blood Bowl 2,2015,Sports,0,0,0,0,0
"Thekla, Inc.",The Witness,2016,Misc,0,0,0,0,0
Sony Computer Entertainment,Quantic Dream Collection,2015,Action,0,0,0,0,0
Nippon Ichi Software,Iwaihime: Matsuri,2017,Adventure,0,0,0,0,0
Entergram,RepKiss,2017,Adventure,0,0,0,0,0
DMM Games,War Thunder,2017,Action,0,0,0,0,0
Nippon Ichi Software,Tsuihou Senkyo,2017,Adventure,0,0,0,0,0
Sony Interactive Entertainment,Hustle Kings VR,2016,Sports,0,0,0,0,0
Two Tribes,Toki Tori 2+,2016,Puzzle,0,0,0,0,0
Tecmo Koei,Deception IV: The Nightmare Princess,2015,Action,0,0,0,0,0
Square Enix,Kingdom Hearts HD I.5 + II.5 ReMIX,2017,Action,0,0,0,0,0
Spike Chunsoft,Fushigi no Chronicle: Furikaerimasen Katsu Madewa,2015,Action,0,0,0,0,0
,A Boy and His Blob,N/A,Platform,0,0,0,0,0
Microids,Agatha Christie: The ABC Murders,2016,Adventure,0,0,0,0,0
Koch Media,Ancients of Ooga - The Forgotten Chapters,2016,Platform,0,0,0,0,0
,Another World,N/A,Adventure,0,0,0,0,0
,Ape Escape 2,N/A,Platform,0,0,0,0,0
,Bee Tap Extreme,N/A,Action,0,0,0,0,0
Perfect World Entertainment,Blacklight: Retribution,2013,Misc,0,0,0,0,0
BioWare,Bladestorm: The Hundred Years' War,2015,Action,0,0,0,0,0
Ubisoft,Brothers in Arms: Furious 4,2019,Shooter,0,0,0,0,0
,Cel Damage,N/A,Misc,0,0,0,0,0
,Woolfe: The Red Hood Diaries,N/A,Adventure,0,0,0,0,0
,Dark Cloud 2,N/A,Role-Playing,0,0,0,0,0
Sony Online Entertainment,DC Universe Online,2013,MMO,0,0,0,0,0
,Fez,N/A,Misc,0,0,0,0,0
,Guardian Knight,N/A,Misc,0,0,0,0,0
,Heavy Rain,N/A,Adventure,0,0,0,0,0
UIG Entertainment,Industry Giant II,2017,Strategy,0,0,0,0,0
,King's Quest I: Quest for the Crown (VGA Version),N/A,Misc,0,0,0,0,0
Unknown,Kingdom Under Fire II,2014,Misc,0,0,0,0,0
,Ladybug Puzzle,N/A,Misc,0,0,0,0,0
,Maniac Mansion: Day of the Tentacle,N/A,Adventure,0,0,0,0,0
,Metal Slug 3,N/A,Shooter,0,0,0,0,0
Taleworlds,Mount & Blade: Warband,2016,Role-Playing,0,0,0,0,0
,Pier Solar and the Great Architects,N/A,Role-Playing,0,0,0,0,0
,Piggy Adventure,N/A,Misc,0,0,0,0,0
,PlanetSide 2,N/A,Shooter,0,0,0,0,0
Sony Interactive Entertainment,Psychonauts,2017,Action,0,0,0,0,0
Capcom,Resident Evil 5,2016,Action,0,0,0,0,0
,Sound Shapes,N/A,Misc,0,0,0,0,0
,Star Ocean: Till The End of Time,N/A,Role-Playing,0,0,0,0,0
,Super Motherload,N/A,Misc,0,0,0,0,0
Activision,The Amazing Spider-Man 2,2014,Misc,0,0,0,0,0
,The King of Fighters 2000,N/A,Fighting,0,0,0,0,0
,Rack N Ruin,N/A,Adventure,0,0,0,0,0
Soedesco,Ether One,2015,Adventure,0,0,0,0,0
Sony Interactive Entertainment,Uncharted 2: Among Thieves,2016,Action,0,0,0,0,0
Sony Interactive Entertainment,Uncharted 3: Drake's Deception,2016,Action,0,0,0,0,0
,Uncharted Waters Online: Gran Atlas,N/A,Role-Playing,0,0,0,0,0
Sony Interactive Entertainment,Uncharted: Drake's Fortune,2016,Action,0,0,0,0,0
,Werewolves vs Vampires,N/A,Misc,0,0,0,0,0
DTP Entertainment,Awesomenauts,2014,Misc,0,0,0,0,0
,Dust: An Elysian Tail,N/A,Platform,0,0,0,0,0
,Skullgirls,N/A,Fighting,0,0,0,0,0
,flower,N/A,Adventure,0,0,0,0,0
,Gran Turismo HD Concept,N/A,Misc,0,0,0,0,0
,PixelJunk Shooter,N/A,Shooter,0,0,0,0,0
,PixelJunk Shooter 2,N/A,Misc,0,0,0,0,0
,Rainbow Moon,N/A,Role-Playing,0,0,0,0,0
,Dear Esther,N/A,Adventure,0,0,0,0,0
,Oddworld: Abe's Oddysee New N' Tasty!,N/A,Misc,0,0,0,0,0
Nordic Games,Broken Age,2015,Adventure,0,0,0,0,0
,Apotheon,N/A,Platform,0,0,0,0,0
,Two Brothers,N/A,Role-Playing,0,0,0,0,0
Unknown,Slender: The Arrival,2015,Adventure,0,0,0,0,0
Capcom,deep down (Working Title),2020,Misc,0,0,0,0,0
,Hotline Miami,N/A,Action,0,0,0,0,0
,The Unfinished Swan,N/A,Adventure,0,0,0,0,0
Unknown,Human Element,2015,Misc,0,0,0,0,0
Warner Bros. Interactive Entertainment,Whore of the Orient,2020,Misc,0,0,0,0,0
CD Projekt Red Studio,Cyberpunk 2077,2018,Action-Adventure,0,0,0,0,0
Square Enix,Final Fantasy (PS4),2020,Misc,0,0,0,0,0
,Transistor,N/A,Role-Playing,0,0,0,0,0
,The Swapper,N/A,Misc,0,0,0,0,0
,Outlast,N/A,Misc,0,0,0,0,0
Compulsion Games,Contrast,2013,Misc,0,0,0,0,0
,Guacamelee!,N/A,Action,0,0,0,0,0
Stainless Games,Carmageddon: Reincarnation,2015,Misc,0,0,0,0,0
Unknown,Rocketbirds 2: Evolution,2020,Misc,0,0,0,0,0
Unknown,Primal Carnage: Genesis,2020,Misc,0,0,0,0,0
,Doki-Doki Universe,N/A,Misc,0,0,0,0,0
,Hohokum,N/A,Adventure,0,0,0,0,0
,CounterSpy,N/A,Action,0,0,0,0,0
,War Thunder,N/A,Misc,0,0,0,0,0
,Warframe,N/A,Misc,0,0,0,0,0
,The Banner Saga,N/A,Role-Playing,0,0,0,0,0
,BADLAND,N/A,Action,0,0,0,0,0
,Sparkle 2,N/A,Puzzle,0,0,0,0,0
,Daylight,N/A,Misc,0,0,0,0,0
,Peggle 2,N/A,Puzzle,0,0,0,0,0
Square Enix,Kingdom Hearts III,2019,Role-Playing,0,0,0,0,0
,Mercenary Kings,N/A,Misc,0,0,0,0,0
,Secret Ponchos,N/A,Misc,0,0,0,0,0
,Octodad: Dadliest Catch,N/A,Misc,0,0,0,0,0
,Galak-Z,N/A,Action,0,0,0,0,0
,Ray's the Dead,N/A,Misc,0,0,0,0,0
Tecmo Koei,Yaiba: Ninja Gaiden Z,2014,Misc,0,0,0,0,0
,KickBeat,N/A,Misc,0,0,0,0,0
,Tiny Brains,N/A,Puzzle,0,0,0,0,0
,Stick It to the Man,N/A,Misc,0,0,0,0,0
,Aban Hawkins & the 1001 Spikes,N/A,Misc,0,0,0,0,0
,Home - a Unique Horror Adventure,N/A,Misc,0,0,0,0,0
,Soul Saga,N/A,Misc,0,0,0,0,0
FarSight Studios,Pinball Arcade,2013,Misc,0,0,0,0,0
Tecmo Koei,Toukiden: The Age of Demons,2014,Action,0,0,0,0,0
Soedesco,Reus,2016,Strategy,0,0,0,0,0
Capcom,Strider (2014),2014,Platform,0,0,0,0,0
,Rogue Legacy,N/A,Action,0,0,0,0,0
Sony Online Entertainment,EverQuest Next,2019,MMO,0,0,0,0,0
,Project Phoenix,N/A,Misc,0,0,0,0,0
,Defense Grid 2,N/A,Misc,0,0,0,0,0
,Drifter: A Space Trading Game,N/A,Simulation,0,0,0,0,0
,Volume,N/A,Action,0,0,0,0,0
,Hellraid,N/A,Misc,0,0,0,0,0
,SteamWorld Dig: A Fistful of Dirt,N/A,Platform,0,0,0,0,0
,Armikrog,N/A,Adventure,0,0,0,0,0
,Chasm,N/A,Misc,0,0,0,0,0
,XING: The Land Beyond,N/A,Action,0,0,0,0,0
,There Came an Echo,N/A,Misc,0,0,0,0,0
,Strike Suit Zero,N/A,Misc,0,0,0,0,0
,Basement Crawl,N/A,Misc,0,0,0,0,0
Futurlab 1,Velocity 2X,2014,Action,0,0,0,0,0
Sony Computer Entertainment,Helldivers,2015,Action,0,0,0,0,0
,RESOGUN,N/A,Shooter,0,0,0,0,0
,Everybody's Gone to the Rapture,N/A,Adventure,0,0,0,0,0
,Murasaki Baby,N/A,Action,0,0,0,0,0
,Hotline Miami 2: Wrong Number,N/A,Misc,0,0,0,0,0
,Shadow of the Beast (PS4),N/A,Action-Adventure,0,0,0,0,0
Level 5,WonderFlick,2014,Misc,0,0,0,0,0
Nowhere Studios,Monochroma,2014,Misc,0,0,0,0,0
,H-Hour: World's Elite,N/A,Misc,0,0,0,0,0
,SPORTSFRIENDS,N/A,Misc,0,0,0,0,0
,Unmechanical,N/A,Puzzle,0,0,0,0,0
,Divekick,N/A,Misc,0,0,0,0,0
GungHo,Lily Bergamo,2014,Misc,0,0,0,0,0
,Valiant Hearts: The Great War,N/A,Misc,0,0,0,0,0
,OlliOlli,N/A,Sports,0,0,0,0,0
,Switch Galaxy Ultra,N/A,Misc,0,0,0,0,0
,Anomaly 2,N/A,Misc,0,0,0,0,0
,Legend of Raven,N/A,Misc,0,0,0,0,0
,Stealth Inc.,N/A,Misc,0,0,0,0,0
,Night in the Woods,N/A,Adventure,0,0,0,0,0
,Tales from the Borderlands,N/A,Adventure,0,0,0,0,0
,Kodoku,N/A,Misc,0,0,0,0,0
Unknown,Get Even,2015,Misc,0,0,0,0,0
,Ready to Run,N/A,Misc,0,0,0,0,0
,Worms Battlegrounds,N/A,Misc,0,0,0,0,0
,Assassin's Creed Freedom Cry,N/A,Misc,0,0,0,0,0
,Dungeon Defenders II,N/A,Action,0,0,0,0,0
,Razor Global Domination Pro Tour ,N/A,Misc,0,0,0,0,0
,Pavilion,N/A,Misc,0,0,0,0,0
,forma.8,N/A,Misc,0,0,0,0,0
Unknown,TowerFall,2014,Misc,0,0,0,0,0
,Gone Home ,N/A,Adventure,0,0,0,0,0
,Costume Quest 2,N/A,Role-Playing,0,0,0,0,0
,Pure Chess,N/A,Misc,0,0,0,0,0
,Aztez,N/A,Misc,0,0,0,0,0
,Not a Hero,N/A,Misc,0,0,0,0,0
Frictional Games,SOMA (2015),2015,Misc,0,0,0,0,0
Renegade Kid,Cult County,2015,Misc,0,0,0,0,0
,Adr1ft,N/A,Adventure,0,0,0,0,0
MLB.com,R.B.I. Baseball 14,2014,Misc,0,0,0,0,0
,Citizens of Earth,N/A,Misc,0,0,0,0,0
,H1Z1,N/A,Shooter,0,0,0,0,0
Focus Home Interactive,Blue Estate ,2014,Misc,0,0,0,0,0
,Road Not Taken,N/A,Misc,0,0,0,0,0
,Source,N/A,Misc,0,0,0,0,0
,Backgammon Blitz,N/A,Misc,0,0,0,0,0
,Hitman GO,N/A,Puzzle,0,0,0,0,0
,MechRunner,N/A,Misc,0,0,0,0,0
,The Chainsaw Incident,N/A,Misc,0,0,0,0,0
,Chariot,N/A,Adventure,0,0,0,0,0
,Nidhogg,N/A,Action,0,0,0,0,0
,Ironclad Tactics,N/A,Misc,0,0,0,0,0
,MouseCraft,N/A,Misc,0,0,0,0,0
,Starwhal: Just the Tip,N/A,Misc,0,0,0,0,0
,Crimsonland,N/A,Misc,0,0,0,0,0
,VizionEck,N/A,Misc,0,0,0,0,0
Triniti Interactive,Pure Pool ,2014,Misc,0,0,0,0,0
Unknown,Without Memory,2016,Misc,0,0,0,0,0
,Firewatch,N/A,Adventure,0,0,0,0,0
,Never Alone,N/A,Misc,0,0,0,0,0
,The Last Tinker: City of Colors,N/A,Platform,0,0,0,0,0
3D Realms,Bombshell,2014,Misc,0,0,0,0,0
,Red Goddess,N/A,Platform,0,0,0,0,0
Endnight Games Ltd ,The Forest,2015,Action,0,0,0,0,0
,Fenix Rage,N/A,Misc,0,0,0,0,0
,EarthNight,N/A,Action,0,0,0,0,0
,One Way Trip,N/A,Adventure,0,0,0,0,0
,Shiness: The Lightning Kingdom,N/A,Role-Playing,0,0,0,0,0
,Aaru's Awakening,N/A,Action,0,0,0,0,0
Little Orbit,Falling Skies: The Game ,2015,Role-Playing,0,0,0,0,0
,Onigiri,N/A,Role-Playing,0,0,0,0,0
,Loadout,N/A,Shooter,0,0,0,0,0
,Entwined,N/A,Action,0,0,0,0,0
EA Sports,EA Sports PGA Tour,2015,Sports,0,0,0,0,0
Deep Silver,Dead Island 2,2017,Action,0,0,0,0,0
,Magicka 2,N/A,Action,0,0,0,0,0
,Broforce,N/A,Action,0,0,0,0,0
,Inside,N/A,Platform,0,0,0,0,0
,Blast 'Em Bunnies,N/A,Action,0,0,0,0,0
,Woah Dave!,N/A,Action,0,0,0,0,0
,The Assembly,N/A,Adventure,0,0,0,0,0
Ubisoft,Tetris Ultimate ,2014,Puzzle,0,0,0,0,0
Versus Evil,Afro Samurai 2,2015,Action,0,0,0,0,0
Activision,The Legend of Korra (2014),2014,Action,0,0,0,0,0
The Astronauts,The Vanishing of Ethan Carter ,2015,Adventure,0,0,0,0,0
Namco Bandai Games,Godzilla (2014),2014,Action,0,0,0,0,0
Sony Computer Entertainment,Gran Turismo 7,2020,Racing,0,0,0,0,0
,Rollers of the Realm,N/A,Role-Playing,0,0,0,0,0
,Q*bert: Rebooted,N/A,Action,0,0,0,0,0
,AirMech Arena,N/A,Action,0,0,0,0,0
,The Walking Dead: Season Three,N/A,Action,0,0,0,0,0
,Toren,N/A,Adventure,0,0,0,0,0
,Pneuma: Breath of Life,N/A,Puzzle,0,0,0,0,0
,#killallzombies,N/A,Action,0,0,0,0,0
,The Escapists,N/A,Action,0,0,0,0,0
,The Tomorrow Children,N/A,Strategy,0,0,0,0,0
,Hollowpoint,N/A,Action,0,0,0,0,0
,In Space We Brawl,N/A,Shooter,0,0,0,0,0
Sony Interactive Entertainment,Wild,2019,Adventure,0,0,0,0,0
,Alienation,N/A,Shooter,0,0,0,0,0
,Ubusuna,N/A,Shooter,0,0,0,0,0
,PIX the CAT,N/A,Action,0,0,0,0,0
,Game 4,N/A,Strategy,0,0,0,0,0
,Titan Souls,N/A,Action,0,0,0,0,0
,OniKira: Demon Killer,N/A,Action,0,0,0,0,0
,Moon Hunters,N/A,Action,0,0,0,0,0
,Salt and Sanctuary,N/A,Action,0,0,0,0,0
,Alone With You,N/A,Adventure,0,0,0,0,0
Deep Silver,Tadeo Jones y el manuscrito perdido,2014,Adventure,0,0,0,0,0
,Invokers Tournament,N/A,Action,0,0,0,0,0
PQube,OlliOlli 2: Welcome to Olliwood,2016,Sports,0,0,0,0,0
Ice-pick Lodge,Pathologic,2015,Adventure,0,0,0,0,0
,Soma,N/A,Action,0,0,0,0,0
Double Damage Games,Rebel Galaxy,2015,Role-Playing,0,0,0,0,0
,I Am Bread,N/A,Simulation,0,0,0,0,0
,Geometry Wars 3: Dimensions,N/A,Shooter,0,0,0,0,0
,Primal Carnage: Extinction,N/A,Shooter,0,0,0,0,0
Ubisoft,Assassin's Creed: Victory,2015,Action,0,0,0,0,0
Konami Digital Entertainment,Silent Hills,2020,Action,0,0,0,0,0
,The Banner Saga 2,N/A,Role-Playing,0,0,0,0,0
,Enter the Gungeon,N/A,Shooter,0,0,0,0,0
,What Remains of Edith Finch,N/A,Adventure,0,0,0,0,0
,Wattam,N/A,Action,0,0,0,0,0
,Fat Princess Adventures,N/A,Action,0,0,0,0,0
,Skytorn,N/A,Action,0,0,0,0,0
,Kill Strain,N/A,Shooter,0,0,0,0,0
,Drawn to Death,N/A,Shooter,0,0,0,0,0
,Grow Home,N/A,Platform,0,0,0,0,0
,Apotheon,N/A,Action,0,0,0,0,0
,Hunger,N/A,Action-Adventure,0,0,0,0,0
,Magic Duels: Origin,N/A,Misc,0,0,0,0,0
,Shiftlings,N/A,Platform,0,0,0,0,0
,Oceanhorn: Monster of Uncharted Seas,N/A,Action,0,0,0,0,0
,Beyond Eyes,N/A,Adventure,0,0,0,0,0
,Inside My Radio,N/A,Platform,0,0,0,0,0
,Tembo the Badass Elephant,N/A,Platform,0,0,0,0,0
,Assassin's Creed Chronicles: Russia,N/A,Action,0,0,0,0,0
,Assassin's Creed Chronicles: India,N/A,Action,0,0,0,0,0
Codemasters,Overlord: Fellowship of Evil,2015,Action,0,0,0,0,0
MLB.com,R.B.I. Baseball 15,2015,Sports,0,0,0,0,0
,Krinkle Krusher,N/A,Strategy,0,0,0,0,0
Wander MMO,Wander,2015,Role-Playing,0,0,0,0,0
,Trans-Galactic Tournament,N/A,Action,0,0,0,0,0
,The Walking Dead: Michonne,N/A,Adventure,0,0,0,0,0
,Unravel,N/A,Platform,0,0,0,0,0
,Tachyon Project,N/A,Action,0,0,0,0,0
Square Enix,Final Fantasy VII Remake,2019,Role-Playing,0,0,0,0,0
Square Enix,Ikenie to Yuki no Setsuna,2016,Role-Playing,0,0,0,0,0
Gust,Atelier Sophie,2020,Role-Playing,0,0,0,0,0
Sega,Dengeki Bunko: Fighting Climax Ignition,2015,Action,0,0,0,0,0
Konami Digital Entertainment,World Soccer Winning Eleven 2015,2015,Action,0,0,0,0,0
,Muse: Together Is the New Alone,N/A,Adventure,0,0,0,0,0
Sinxsoft,Cross Reverie,2017,Role-Playing,0,0,0,0,0
Cygames,Airship Q,2019,Platform,0,0,0,0,0
Unknown,Killing Bites,2016,Action,0,0,0,0,0
,Hatsune Miku: Project Diva Future Tone,N/A,Music,0,0,0,0,0
Unknown,Tiny Troopers Joint Ops,2014,Action,0,0,0,0,0
Sony Computer Entertainment,The London Heist,2016,Shooter,0,0,0,0,0
Deep Silver,Risen 3 Enhanced Edition,2015,Role-Playing,0,0,0,0,0
Kalypso Media,Air Conflicts: Pacific Carriers,2015,Simulation,0,0,0,0,0
Kadokawa Games,God Wars: Beyond Time,2016,Role-Playing,0,0,0,0,0
Ubisoft,Hasbro Family Fun Pack,2015,Misc,0,0,0,0,0
Namco Bandai Games,Professional Lumberjack 2016,2015,Simulation,0,0,0,0,0
Maximum Games,Alekhine's Gun,2016,Action,0,0,0,0,0
Little Orbit,Kung Fu Panda: Showdown of Legendary Legends,2015,Action,0,0,0,0,0
,Read Only Memories,N/A,Adventure,0,0,0,0,0
,Shakedown Hawaii,N/A,Action,0,0,0,0,0
,Fallen Legion,N/A,Role-Playing,0,0,0,0,0
,Amplitude (2016),N/A,Misc,0,0,0,0,0
Sony Computer Entertainment,Bloodborne: Complete Edition,2015,Role-Playing,0,0,0,0,0
,Hardware: Rivals,N/A,Action,0,0,0,0,0
,Jikkyou Powerful Pro Baseball Success Special,N/A,Sports,0,0,0,0,0
,Qurare: Magic Library,N/A,Action,0,0,0,0,0
Soedesco,World to the West,2017,Action-Adventure,0,0,0,0,0
,The Binding of Isaac: Rebirth,N/A,Action,0,0,0,0,0
,De-formers,N/A,Action,0,0,0,0,0
,Rock of Ages II: Bigger and Boulder,N/A,Action,0,0,0,0,0
,Fe,N/A,Action,0,0,0,0,0
Sony Interactive Entertainment,Days Gone,2019,Action-Adventure,0,0,0,0,0
Tecmo Koei,Berserk Musou,2016,Action,0,0,0,0,0
PQube,Ginger: Beyond the Crystal,2016,Platform,0,0,0,0,0
Sony Interactive Entertainment,The Last of Us: Part II,2019,Action,0,0,0,0,0
Tru Blu Entertainment,Don Bradman Cricket 17,2016,Sports,0,0,0,0,0
Bandai Namco Games,Ace Combat 7: Skies Unknown,2019,Shooter,0,0,0,0,0
,Sakuna: Of Rice and Ruin,N/A,Action,0,0,0,0,0
Deep Silver,Metro Exodus,2019,Shooter,0,0,0,0,0
Electronic Arts,Anthem,2019,Role-Playing,0,0,0,0,0
Unknown,Moons Of Madness,2017,Role-Playing,0,0,0,0,0
Unknown,Iron Harvest,2018,Strategy,0,0,0,0,0
THQ Nordic,Biomutant,2018,Action,0,0,0,0,0
THQ Nordic,Biomutant,2019,Action,0,0,0,0,0
THQ Nordic,de Blob,2017,Platform,0,0,0,0,0
Daedalic Entertainment,Chaos on Deponia,2017,Adventure,0,0,0,0,0
Bandai Namco Entertainment,Code Vein,2018,Action,0,0,0,0,0
,Fallen Legion: Flames of Rebellion,N/A,Role-Playing,0,0,0,0,0
Tammeka Games,Radial G Racing Revolved,2017,Racing,0,0,0,0,0
,The Mummy Demastered,N/A,Action,0,0,0,0,0
,Project Nimbus: Code Mirai,N/A,Action,0,0,0,0,0
,Battle Chef Brigade,N/A,Action,0,0,0,0,0
